Model,1st Layer,2nd Layer,3rd Layer,4th Layer,Accuracy,Loss
model_0,c_2,c_7,c_4,c_6,0.9735,0.0830536
model_1,m_2,m_2,c_5,c_9,0.663,1.03979
model_2,c_9,c_1,c_12,c_1,0.9723,0.0882366
model_3,m_3,c_9,c_8,c_9,0.8345,0.528562
model_4,c_10,c_10,m_3,c_5,0.9521,0.159886
model_5,c_5,c_3,c_8,c_3,0.9727,0.0850514
model_6,c_11,c_3,c_8,c_2,0.973,0.0852712
model_7,c_12,c_8,c_1,m_3,0.974,0.0823976
model_8,c_3,m_3,c_2,c_6,0.9523,0.16351
model_9,m_2,m_1,c_5,c_5,0.7482,0.830127
model_10,c_2,c_8,c_9,c_2,0.9729,0.0867129
model_11,m_1,m_1,c_11,s,0.8002,0.670263
model_12,c_2,c_8,c_12,c_8,0.9726,0.0847191
model_13,c_4,c_10,m_3,c_1,0.9524,0.161414
model_14,m_2,c_4,c_5,c_12,0.9362,0.216597
model_15,c_8,m_2,c_1,c_4,0.9482,0.173438
model_16,c_3,c_1,m_3,c_10,0.9512,0.168062
model_17,m_3,c_7,m_3,m_2,0.56,1.99616
model_18,c_11,c_2,c_1,c_12,0.9735,0.0837705
model_19,m_1,c_11,c_6,c_2,0.9357,0.209159
model_20,m_2,c_8,c_11,c_11,0.9327,0.222405
model_21,m_3,c_8,c_12,c_10,0.8376,0.519233
model_22,c_10,c_11,c_9,c_2,0.9739,0.0843152
model_23,m_1,m_3,c_5,c_3,0.4669,1.60475
model_24,c_11,c_3,c_6,c_11,0.9738,0.0861332
model_25,c_4,c_12,m_2,s,0.9694,0.110317
model_26,c_8,c_12,m_3,c_9,0.9733,0.0940876
model_27,c_6,c_6,c_12,m_1,0.9724,0.0832481
model_28,c_3,c_2,c_6,c_8,0.9734,0.0850009
model_29,m_1,c_7,c_5,s,0.9364,0.208642
model_30,m_2,c_12,c_12,m_1,0.9308,0.227282
model_31,c_5,m_3,c_7,c_1,0.9398,0.20838
model_32,c_4,m_1,c_5,m_3,0.9492,0.17269
model_33,c_3,c_3,c_3,c_10,0.9741,0.0824544
model_34,m_1,c_7,c_12,m_2,0.9391,0.205124
model_35,c_10,c_7,c_10,c_5,0.975,0.0824889
model_36,c_7,c_6,c_12,c_2,0.9742,0.0801924
model_37,m_1,c_5,c_2,c_2,0.9385,0.202435
model_38,c_3,c_6,c_8,c_11,0.9728,0.08654
model_39,c_4,c_3,c_10,c_12,0.9727,0.0848153
model_40,c_11,c_7,c_9,c_4,0.9733,0.0852092
model_41,c_3,m_3,c_9,c_9,0.9614,0.136077
model_42,c_8,m_3,c_3,c_11,0.9486,0.180837
model_43,c_11,c_1,c_11,c_12,0.9736,0.0803674
model_44,m_3,m_3,c_5,c_1,0.1135,2.30107
model_45,c_6,c_11,c_2,c_7,0.9727,0.087106
model_46,c_4,m_3,c_9,c_3,0.9357,0.222871
model_47,c_9,m_1,c_2,c_7,0.9518,0.161959
model_48,c_3,m_2,c_7,m_2,0.9539,0.158602
model_49,c_9,m_3,c_11,c_8,0.9581,0.143315
model_50,c_6,c_4,c_1,c_2,0.9747,0.0840349
model_51,c_1,c_12,c_1,c_11,0.9745,0.0815911
model_52,c_6,c_4,m_2,m_3,0.958,0.144391
model_53,c_12,c_5,c_5,m_2,0.973,0.0869166
model_54,c_9,c_12,s,-,0.9693,0.104341
model_55,c_7,c_5,m_1,c_3,0.9586,0.141564
model_56,c_10,c_4,c_12,c_8,0.9744,0.0813993
model_57,m_2,c_3,c_5,c_10,0.9319,0.22387
model_58,m_1,c_5,m_3,c_12,0.9262,0.333313
model_59,c_9,c_2,m_2,c_8,0.9613,0.130057
model_60,c_6,c_4,c_4,c_1,0.9741,0.0801151
model_61,m_1,c_8,c_3,c_5,0.9359,0.211964
model_62,m_2,c_12,m_3,s,0.8742,0.530793
model_63,c_3,c_7,c_2,c_12,0.9725,0.0852606
model_64,c_5,c_10,c_12,c_2,0.9743,0.0809044
model_65,c_4,c_1,c_3,c_8,0.9734,0.0795863
model_66,m_3,c_2,c_12,m_3,0.8349,0.524288
model_67,c_12,m_2,c_4,m_2,0.951,0.167763
model_68,c_4,m_1,c_6,m_3,0.9476,0.175526
model_69,c_2,c_12,c_2,c_11,0.9723,0.0862826
model_70,c_6,c_11,c_10,c_4,0.9704,0.0883721
model_71,c_12,c_4,c_2,c_6,0.9734,0.0868033
model_72,c_10,c_3,c_1,c_4,0.9737,0.0849209
model_73,c_8,m_2,c_5,c_10,0.9511,0.164461
model_74,c_12,c_4,m_2,c_10,0.9563,0.149529
model_75,m_1,c_5,c_4,c_1,0.9329,0.219666
model_76,c_4,c_10,c_2,m_1,0.9744,0.0826427
model_77,c_1,c_12,c_7,c_11,0.9747,0.081467
model_78,c_7,m_3,c_7,c_4,0.9145,0.281141
model_79,c_8,m_1,m_1,c_7,0.9127,0.315666
model_80,c_11,m_2,c_3,c_1,0.9531,0.160019
model_81,c_2,c_1,c_3,c_9,0.9735,0.0837241
model_82,m_3,c_4,s,-,0.8101,0.62372
model_83,c_8,c_4,c_6,s,0.9732,0.0825979
model_84,c_4,m_3,c_5,s,0.9255,0.249445
model_85,c_7,c_6,c_4,c_9,0.9741,0.0841549
model_86,c_2,c_2,c_5,c_1,0.9725,0.0826686
model_87,c_4,c_2,c_3,s,0.9738,0.0818698
model_88,c_8,c_5,s,-,0.97,0.106308
model_89,c_2,m_3,c_3,c_6,0.9469,0.178403
model_90,c_6,c_7,c_5,c_1,0.9731,0.0842956
model_91,c_3,c_7,c_12,m_3,0.9747,0.0832334
model_92,c_4,m_1,c_10,c_5,0.9495,0.171404
model_93,c_4,c_12,c_3,c_8,0.974,0.0803533
model_94,c_6,c_9,c_12,c_9,0.9724,0.0847531
model_95,c_6,c_5,c_7,c_11,0.9721,0.0838791
model_96,c_5,c_6,c_3,c_4,0.9749,0.0784225
model_97,m_2,c_11,m_3,c_12,0.8788,0.566163
model_98,c_7,c_9,c_7,c_7,0.9742,0.0843004
model_99,c_5,m_3,c_8,c_5,0.945,0.187035
model_100,c_2,c_3,c_6,c_1,0.9727,0.0863411
model_101,c_12,c_8,c_5,c_3,0.9733,0.0851384
model_102,m_3,c_6,c_1,c_8,0.8333,0.536142
model_103,c_3,c_1,c_3,c_5,0.973,0.0836089
model_104,m_1,c_4,m_1,c_1,0.8986,0.383824
model_105,c_11,c_1,c_3,c_10,0.9736,0.0851142
model_106,c_8,c_5,s,-,0.967,0.108533
model_107,c_5,c_11,c_2,m_1,0.9726,0.0868642
model_108,c_4,c_9,c_3,c_10,0.9731,0.0859579
model_109,c_12,c_9,c_1,s,0.9721,0.0913765
model_110,c_4,c_8,c_1,m_3,0.9742,0.0803261
model_111,m_1,c_6,c_4,c_10,0.9312,0.227733
model_112,c_10,c_4,m_2,c_11,0.9547,0.149321
model_113,c_9,c_8,c_9,m_2,0.9705,0.0891884
model_114,c_5,m_3,c_4,c_6,0.9448,0.191339
model_115,c_3,c_12,c_4,c_4,0.9716,0.0875763
model_116,c_1,c_4,c_11,c_1,0.9755,0.081041
model_117,c_3,c_5,m_1,c_4,0.9608,0.132526
model_118,c_8,c_12,c_11,c_12,0.9732,0.083131
model_119,c_8,c_12,m_2,c_4,0.9671,0.113925
model_120,c_8,c_2,c_8,m_2,0.9731,0.0857774
model_121,c_4,m_1,c_5,c_6,0.9485,0.175857
model_122,c_5,c_9,c_7,c_5,0.9736,0.0860703
model_123,c_3,c_6,m_1,c_9,0.9639,0.129057
model_124,c_5,c_3,c_11,m_3,0.9717,0.0877152
model_125,m_1,c_8,c_10,c_6,0.9349,0.214936
model_126,c_4,c_3,c_8,c_8,0.9744,0.0787192
model_127,c_8,c_7,m_2,c_7,0.9587,0.141847
model_128,c_1,c_12,c_7,c_8,0.9722,0.0840272
model_129,c_6,c_6,c_2,c_8,0.9736,0.0843973
model_130,c_2,c_2,c_9,s,0.9738,0.0835716
model_131,c_9,c_5,m_1,m_2,0.9607,0.133565
model_132,c_8,c_7,c_11,m_2,0.9743,0.0799786
model_133,c_8,c_3,m_2,c_9,0.9656,0.11882
model_134,c_12,m_1,c_8,c_10,0.9549,0.15761
model_135,c_2,c_6,m_3,c_8,0.9701,0.0994713
model_136,c_8,c_9,m_1,c_3,0.9634,0.127451
model_137,c_8,c_3,c_5,c_11,0.9735,0.0850316
model_138,m_1,c_5,s,-,0.9159,0.293358
model_139,c_12,c_6,c_3,m_1,0.9726,0.0864233
model_140,c_2,c_10,c_7,c_5,0.9732,0.0828358
model_141,c_2,c_4,c_12,c_9,0.9726,0.0863042
model_142,c_5,c_9,m_3,c_5,0.9718,0.100168
model_143,c_10,c_5,m_3,m_2,0.9656,0.125822
model_144,c_8,c_12,c_3,c_4,0.9736,0.0836941
model_145,c_5,m_2,c_4,c_9,0.9505,0.165925
model_146,c_12,c_9,c_5,m_2,0.9729,0.0869149
model_147,c_5,c_10,s,-,0.9649,0.114665
model_148,c_8,c_3,c_2,c_4,0.9726,0.0886685
model_149,m_1,c_7,c_8,c_11,0.9372,0.207146
model_150,m_1,c_5,m_3,c_7,0.9246,0.332152
model_151,c_5,c_3,c_7,c_4,0.9733,0.0853319
model_152,m_1,c_10,c_8,c_10,0.9384,0.204115
model_153,c_4,c_7,c_2,c_1,0.973,0.0833346
model_154,c_1,c_6,c_10,c_7,0.9744,0.0783824
model_155,c_3,c_7,c_1,m_3,0.9712,0.0923143
model_156,c_12,m_1,c_12,c_7,0.9529,0.162757
model_157,c_11,c_3,m_1,c_1,0.9614,0.133422
model_158,c_10,c_5,c_11,c_1,0.9743,0.079033
model_159,m_3,c_2,c_6,c_1,0.8344,0.518689
model_160,m_3,c_5,c_6,c_1,0.8393,0.508623
model_161,c_5,c_12,c_7,c_9,0.9726,0.0822693
model_162,c_9,c_5,c_1,c_1,0.9734,0.0840343
model_163,m_1,c_6,c_1,c_8,0.9347,0.22355
model_164,c_10,c_9,m_3,c_9,0.9687,0.108625
model_165,c_9,m_2,s,-,0.9425,0.208359
model_166,c_12,c_10,c_9,c_4,0.9732,0.0863867
model_167,c_10,m_2,m_3,c_9,0.7502,1.20433
model_168,m_3,c_3,c_3,m_2,0.8344,0.513167
model_169,c_7,c_6,c_1,m_1,0.9739,0.088348
model_170,c_7,c_3,c_5,c_6,0.9736,0.0832722
model_171,m_2,c_5,c_9,m_2,0.9345,0.221932
model_172,c_12,c_5,c_10,c_1,0.9739,0.0806472
model_173,c_8,m_1,c_11,c_9,0.9527,0.16335
model_174,c_1,m_1,m_1,c_10,0.894,0.376971
model_175,c_7,c_9,m_1,c_11,0.9618,0.133397
model_176,c_12,m_2,c_9,c_11,0.9561,0.153285
model_177,c_4,c_1,m_2,c_6,0.9568,0.149135
model_178,c_5,c_2,c_7,c_7,0.9735,0.0826645
model_179,c_2,c_9,c_1,c_9,0.9731,0.0865388
model_180,c_7,c_8,c_5,c_7,0.9743,0.0831742
model_181,m_3,c_5,c_12,c_4,0.8416,0.510166
model_182,c_8,m_2,c_1,c_1,0.9513,0.167785
model_183,c_6,c_12,c_6,c_11,0.972,0.0886649
model_184,c_3,c_8,c_7,c_5,0.9727,0.0864552
model_185,c_7,c_7,c_12,c_2,0.9745,0.080041
model_186,c_7,c_6,c_12,c_1,0.974,0.080193
model_187,c_7,c_3,s,-,0.9679,0.108939
model_188,c_5,m_3,c_4,c_12,0.931,0.234334
model_189,c_2,c_9,c_2,c_5,0.975,0.084216
model_190,c_2,c_5,m_1,c_9,0.9613,0.133378
model_191,c_2,c_9,c_3,c_8,0.9734,0.0846027
model_192,c_11,c_8,c_4,c_2,0.9743,0.0846447
model_193,m_1,c_9,c_11,c_12,0.9343,0.218526
model_194,c_11,m_3,c_11,c_7,0.9495,0.178872
model_195,c_7,m_1,c_1,c_3,0.9483,0.173094
model_196,c_1,c_2,m_3,c_3,0.9674,0.115244
model_197,c_4,c_7,m_2,c_8,0.9561,0.148678
model_198,c_7,c_7,m_3,c_10,0.9534,0.165188
model_199,c_10,c_4,c_12,m_2,0.9732,0.0820505
model_200,c_4,m_2,s,-,0.9264,0.25917
model_201,m_2,c_4,c_2,s,0.9354,0.219262
model_202,c_8,m_3,c_2,c_12,0.9487,0.177123
model_203,c_7,c_2,m_1,c_2,0.9572,0.145039
model_204,c_1,m_3,c_9,m_1,0.9317,0.234074
model_205,c_4,m_2,c_11,m_2,0.9488,0.173903
model_206,c_12,m_2,c_7,c_3,0.9522,0.165162
model_207,c_3,c_7,c_3,c_10,0.9727,0.0827604
model_208,m_3,c_6,m_1,c_5,0.7523,0.829931
model_209,m_3,c_5,c_9,s,0.8377,0.515298
model_210,m_2,m_2,c_4,c_12,0.6632,1.0376
model_211,c_6,m_3,m_3,c_9,0.6829,1.56588
model_212,m_2,c_1,c_6,m_2,0.9336,0.218875
model_213,c_12,c_3,c_7,c_10,0.9722,0.0866232
model_214,c_4,c_3,c_6,c_4,0.9737,0.0822347
model_215,c_2,m_1,m_2,s,0.9227,0.292167
model_216,m_3,c_1,c_5,c_10,0.8396,0.504642
model_217,c_11,c_1,c_5,m_2,0.9728,0.082647
model_218,c_9,c_6,s,-,0.9669,0.106367
model_219,c_3,c_2,c_2,c_11,0.9707,0.0879648
model_220,c_6,c_3,c_4,s,0.9714,0.0857618
model_221,c_7,c_12,c_11,c_5,0.9726,0.082109
model_222,c_6,c_8,c_3,s,0.9722,0.0883543
model_223,c_3,c_12,c_11,c_6,0.9742,0.0808262
model_224,m_2,c_8,c_2,c_12,0.9319,0.224559
model_225,c_10,c_5,c_2,c_3,0.9746,0.082929
model_226,c_7,c_7,c_8,m_3,0.9747,0.080602355
model_227,c_2,c_7,c_9,c_2,0.9706,0.091446094
model_228,c_2,c_10,c_4,c_12,0.9748,0.08039793
model_229,m_1,m_3,m_2,c_12,0.1135,2.3010745
model_230,c_1,c_6,c_9,c_8,0.9742,0.08174273
model_231,c_6,m_1,c_2,c_7,0.951,0.16430347
model_232,m_1,c_7,c_8,s,0.9368,0.21013282
model_233,c_4,c_7,c_9,c_7,0.9742,0.08384598
model_234,c_1,c_4,s,-,0.9672,0.113105156
model_235,c_2,c_10,c_12,c_10,0.9732,0.08103811
model_236,c_7,c_8,c_10,c_9,0.9757,0.081734866
model_237,c_2,c_6,c_1,c_4,0.9719,0.08587848
model_238,c_4,c_6,c_11,c_1,0.9721,0.08402068
model_239,c_10,c_3,c_5,s,0.9729,0.0880081
model_240,c_6,c_12,c_4,c_11,0.9735,0.085902356
model_241,c_2,c_8,c_4,c_4,0.9742,0.08002292
model_242,c_1,c_7,c_8,c_9,0.9748,0.082190685
model_243,c_10,m_2,c_10,c_7,0.9474,0.17888848
model_244,c_3,c_3,c_7,m_3,0.9724,0.089960895
model_245,c_4,c_3,c_4,m_1,0.9747,0.080231525
model_246,c_12,c_10,c_9,s,0.9702,0.09020161
model_247,c_8,m_1,c_11,s,0.9522,0.1627731
model_248,c_10,c_6,c_6,c_1,0.9734,0.08123226
model_249,c_5,c_9,c_7,c_10,0.9721,0.0893285
model_250,m_3,m_1,c_7,m_1,0.5015,1.5682927
model_251,c_5,c_7,c_8,c_3,0.9717,0.086727485
model_252,c_10,c_11,c_12,c_2,0.9735,0.08272179
model_253,c_8,c_11,c_3,c_7,0.975,0.08180261
model_254,c_4,c_9,c_6,c_7,0.9734,0.08218883
model_255,c_11,c_8,c_2,c_11,0.9719,0.08588305
model_256,c_9,c_10,c_3,c_4,0.9719,0.08899738
model_257,c_10,c_7,c_8,c_5,0.9741,0.07980893
model_258,c_11,c_4,m_2,c_1,0.9588,0.14354329
model_259,c_11,c_12,c_11,c_8,0.9709,0.08857046
model_260,c_10,m_2,c_9,c_8,0.9473,0.17790301
model_261,c_3,c_7,m_3,c_3,0.9585,0.14292371
model_262,c_3,c_1,c_12,c_11,0.9722,0.08967493
model_263,c_12,c_6,c_11,c_12,0.973,0.086648114
model_264,c_10,c_9,c_6,m_1,0.9721,0.08663866
model_265,c_12,c_5,c_5,c_6,0.9746,0.08287473
model_266,c_7,c_6,m_1,c_12,0.9615,0.13506736
model_267,c_5,c_3,c_12,c_6,0.9754,0.080140226
model_268,m_3,c_5,c_5,c_5,0.8362,0.52258146
model_269,c_3,c_4,c_3,m_2,0.9734,0.08353705
model_270,c_3,m_1,c_8,c_8,0.9546,0.15529391
model_271,c_4,c_4,c_7,c_6,0.9738,0.08406554
model_272,c_3,c_10,c_2,c_5,0.9721,0.08939223
model_273,m_2,c_4,c_2,c_5,0.933,0.21943901
model_274,c_2,m_3,m_2,s,0.8688,0.6761226
model_275,c_12,m_2,c_1,c_10,0.9529,0.15940171
model_276,c_1,c_3,c_6,c_2,0.9747,0.07953754
model_277,c_10,c_8,c_3,c_11,0.9739,0.082480386
model_278,c_6,c_10,c_2,c_5,0.972,0.09020039
model_279,c_3,c_1,c_8,c_3,0.973,0.08399723
model_280,c_12,c_7,c_9,m_2,0.9741,0.082522586
model_281,m_1,m_3,c_6,c_7,0.4611,1.6084906
model_282,c_11,c_8,c_2,c_2,0.9732,0.083118334
model_283,c_9,m_2,c_7,s,0.9527,0.162953
model_284,c_6,m_2,c_12,c_12,0.9557,0.14924467
model_285,c_2,c_4,m_3,c_8,0.9568,0.14900686
model_286,m_1,c_11,m_2,c_6,0.9256,0.29419962
model_287,c_7,c_9,c_1,s,0.9738,0.08269293
model_288,c_11,m_3,c_5,s,0.9458,0.18839622
model_289,c_11,c_11,m_1,c_7,0.9604,0.13207324
model_290,c_12,c_12,c_6,c_1,0.9735,0.08211214
model_291,c_4,c_12,c_7,c_7,0.9753,0.07943852
model_292,m_3,c_12,c_10,m_3,0.8216,0.55385154
model_293,c_6,m_1,c_11,c_3,0.9541,0.15793031
model_294,c_9,c_4,c_3,c_6,0.9727,0.08650421
model_295,c_3,c_6,c_5,c_11,0.9696,0.09199488
model_296,m_3,c_10,m_3,c_4,0.6048,1.9288974
model_297,c_6,c_8,c_7,c_4,0.9737,0.08393613
model_298,c_8,c_10,m_2,c_1,0.9583,0.14429162
model_299,c_4,c_2,c_8,c_1,0.9746,0.082453564
model_300,c_10,c_1,c_10,m_3,0.9745,0.08022752
model_301,c_2,c_5,c_4,m_2,0.9741,0.084424205
model_302,m_1,m_2,c_12,c_5,0.7089,0.93978846
model_303,c_7,m_3,c_8,c_6,0.9303,0.23746821
model_304,c_7,c_10,c_1,c_3,0.9735,0.081301495
model_305,m_3,c_9,c_7,c_1,0.8263,0.5487324
model_306,c_11,c_11,m_2,c_11,0.9626,0.13006398
model_307,m_3,c_11,m_3,c_2,0.6521,1.6835726
model_308,c_6,c_7,c_6,c_8,0.9688,0.092190504
model_309,c_4,c_5,c_2,c_3,0.9753,0.08169414
model_310,m_3,c_5,c_7,m_2,0.8326,0.5339957
model_311,c_3,c_11,c_12,c_12,0.9713,0.09160136
model_312,m_1,c_4,c_6,c_10,0.9357,0.20869567
model_313,c_8,c_10,c_2,c_9,0.9729,0.08580268
model_314,c_4,c_6,c_1,c_5,0.9749,0.080316916
model_315,m_3,c_10,c_2,c_1,0.8275,0.53463435
model_316,c_11,m_3,c_11,c_5,0.9499,0.17457834
model_317,m_2,c_2,m_1,c_12,0.8951,0.38321644
model_318,c_10,c_3,c_12,c_1,0.9728,0.082864635
model_319,c_5,c_2,c_5,c_7,0.9729,0.08332675
model_320,c_8,c_12,c_7,m_3,0.9738,0.084092505
model_321,c_3,c_1,c_2,c_4,0.9731,0.08317479
model_322,c_4,c_2,m_2,c_3,0.9601,0.13540074
model_323,m_1,c_4,c_8,c_4,0.9395,0.20441994
model_324,c_11,m_1,m_1,m_1,0.9139,0.31474072
model_325,c_5,c_5,c_5,c_2,0.9736,0.08317389
model_326,c_1,c_6,m_1,c_1,0.9606,0.14085683
model_327,c_2,m_3,c_10,c_6,0.9482,0.18029127
model_328,m_3,c_3,c_2,c_4,0.8359,0.52013075
model_329,c_11,c_9,c_5,c_4,0.9726,0.0872607
model_330,m_2,m_1,m_1,c_10,0.3448,1.9882418
model_331,m_3,c_2,c_6,c_4,0.8347,0.52257574
model_332,c_4,c_2,m_2,c_1,0.9596,0.1430941
model_333,c_5,c_1,m_2,c_5,0.9581,0.14592916
model_334,m_1,c_1,c_11,c_2,0.9393,0.20400089
model_335,c_3,c_6,s,-,0.969,0.10180386
model_336,m_1,c_2,c_10,c_6,0.9329,0.2204684
model_337,c_2,m_1,c_12,c_9,0.9518,0.16121982
model_338,m_3,c_5,c_9,c_11,0.8325,0.525059
model_339,m_3,c_2,c_9,c_9,0.8361,0.51701045
model_340,c_12,c_8,c_4,c_10,0.9733,0.08188322
model_341,c_8,c_10,c_10,c_3,0.9747,0.080377884
model_342,c_2,c_9,c_7,c_11,0.9731,0.083117105
model_343,c_12,m_3,c_10,c_11,0.9507,0.1650663
model_344,m_3,c_12,c_10,c_2,0.8183,0.5659062
model_345,c_12,c_4,c_5,c_11,0.9733,0.08524665
model_346,c_8,c_2,c_3,c_4,0.9738,0.08274745
model_347,c_12,c_12,m_3,c_1,0.971,0.10022621
model_348,m_1,c_12,s,-,0.9109,0.30395237
model_349,c_11,m_3,c_1,s,0.9498,0.17522217
model_350,c_12,c_9,c_2,s,0.9729,0.08438235
model_351,c_2,c_5,c_2,c_12,0.9718,0.08600055
model_352,c_1,c_10,m_3,c_2,0.9526,0.16483419
model_353,c_1,c_5,c_2,c_4,0.972,0.0883132
model_354,c_12,c_5,c_5,m_3,0.9735,0.08400287
model_355,m_3,c_4,c_3,c_11,0.8387,0.5088424
model_356,m_1,m_2,c_9,c_12,0.7055,0.957759
model_357,c_5,c_11,c_2,c_8,0.9742,0.081613846
model_358,c_3,c_6,c_9,c_12,0.9711,0.08841689
model_359,c_11,c_1,c_10,m_3,0.9728,0.08565759
model_360,m_1,m_3,c_5,c_11,0.4437,1.6183499
model_361,c_5,c_6,c_5,c_5,0.974,0.08541008
model_362,m_3,c_12,c_9,c_7,0.8327,0.52475184
model_363,m_1,m_2,c_11,c_7,0.7123,0.9396809
model_364,m_2,c_7,m_1,m_2,0.8845,0.4176574
model_365,c_9,c_3,c_5,c_7,0.9732,0.085350685
model_366,m_1,m_1,m_2,m_2,0.2912,2.058315
model_367,c_12,c_1,m_2,m_1,0.957,0.14584671
model_368,c_11,c_1,m_1,c_8,0.9573,0.14689954
model_369,c_3,c_8,c_4,c_10,0.973,0.08439963
model_370,m_2,m_1,c_10,c_3,0.7524,0.82451427
model_371,c_5,c_9,m_2,c_2,0.9638,0.12199269
model_372,c_7,c_8,c_8,c_4,0.9735,0.08139307
model_373,c_12,m_1,c_6,c_4,0.953,0.16567114
model_374,c_3,c_7,m_3,s,0.9609,0.13553368
model_375,c_2,c_4,s,-,0.9683,0.11065125
model_376,m_1,c_8,c_9,s,0.9371,0.20743105
model_377,c_1,c_4,c_1,m_1,0.9742,0.08341076
model_378,c_8,c_6,c_7,c_11,0.974,0.08326577
model_379,c_2,c_12,c_9,c_11,0.9705,0.092513576
model_380,c_2,m_2,m_3,c_6,0.8771,0.66654396
model_381,c_11,c_3,c_5,c_6,0.9724,0.08364298
model_382,c_11,c_11,c_12,c_5,0.9729,0.08726078
model_383,m_3,c_5,m_3,m_3,0.6037,1.8154438
model_384,m_2,c_6,c_2,c_3,0.9309,0.22779684
model_385,c_9,c_12,c_4,c_12,0.9729,0.089124754
model_386,c_1,c_11,s,-,0.9686,0.10688026
model_387,m_3,c_1,c_11,m_3,0.8442,0.49939907
model_388,m_3,m_3,c_11,c_12,0.1135,2.301051
model_389,c_10,m_1,c_2,c_3,0.9496,0.1714868
model_390,c_3,c_9,c_10,c_10,0.9742,0.08283269
model_391,m_1,c_9,c_10,m_2,0.9327,0.2264215
model_392,c_5,c_10,c_6,c_3,0.9747,0.08366957
model_393,c_10,c_5,c_1,m_3,0.9743,0.08221059
model_394,c_7,m_3,c_7,c_6,0.9241,0.25602588
model_395,c_11,c_6,c_9,c_3,0.9733,0.08491731
model_396,c_5,c_1,m_1,c_10,0.9572,0.14285806
model_397,c_9,c_12,c_4,c_10,0.9728,0.08889967
model_398,c_11,c_2,c_1,c_5,0.9713,0.092546314
model_399,c_2,c_4,m_2,c_6,0.9538,0.15530132
model_400,c_7,c_10,c_1,m_2,0.9739,0.08259409
model_401,c_1,c_2,c_1,c_10,0.9739,0.08157531
model_402,c_6,m_3,m_1,c_6,0.9363,0.27536008
model_403,c_4,c_7,c_3,s,0.9745,0.08237793
model_404,m_2,c_11,c_6,m_2,0.9331,0.22222477
model_405,c_3,c_11,c_3,m_1,0.9708,0.09128893
model_406,c_8,c_9,c_10,m_1,0.9752,0.07697353
model_407,c_6,m_2,c_7,m_1,0.9545,0.15644884
model_408,c_3,c_3,c_12,c_4,0.9735,0.08498648
model_409,c_12,m_1,m_3,c_10,0.938,0.26430142
model_410,c_2,c_2,c_4,c_7,0.974,0.08158243
model_411,m_3,c_11,c_4,m_1,0.8301,0.53468704
model_412,m_1,c_10,m_2,c_10,0.9119,0.34715965
model_413,c_9,m_3,c_2,c_1,0.9563,0.14849441
model_414,c_11,c_12,c_3,s,0.9717,0.08546096
model_415,c_1,m_1,c_3,c_3,0.9485,0.16995664
model_416,c_10,c_3,c_10,c_7,0.9713,0.08889612
model_417,c_7,c_12,m_3,c_10,0.9712,0.09692582
model_418,c_9,c_1,m_3,c_1,0.9647,0.12424473
model_419,c_9,c_9,c_7,c_6,0.972,0.08668134
model_420,c_8,c_5,c_8,s,0.9733,0.082551494
model_421,m_3,c_3,c_5,c_1,0.8376,0.51559836
model_422,c_7,c_10,c_9,c_10,0.9734,0.08470489
model_423,c_12,c_9,c_9,s,0.9719,0.085910946
model_424,c_5,c_2,c_1,c_2,0.9726,0.0823616
model_425,c_4,c_1,c_12,c_2,0.9736,0.07765799
model_426,c_7,c_4,c_10,c_10,0.9736,0.07930725
model_427,c_10,c_10,c_2,c_12,0.9739,0.08133375
model_428,c_1,c_11,c_3,m_2,0.9722,0.08423022
model_429,c_10,c_9,c_5,c_10,0.9745,0.08281582
model_430,m_3,c_5,c_9,c_4,0.8313,0.5246601
model_431,c_10,c_7,c_2,c_7,0.9743,0.08337393
model_432,c_1,m_2,c_11,c_9,0.9461,0.17984147
model_433,c_12,c_6,m_1,c_1,0.9616,0.13147672
model_434,c_11,c_3,c_7,c_6,0.9736,0.08480445
model_435,m_1,c_12,c_6,c_3,0.9357,0.21607764
model_436,c_12,c_12,m_3,c_12,0.97,0.10299735
model_437,c_8,c_9,c_10,c_11,0.9728,0.08749291
model_438,m_2,m_3,c_4,c_8,0.2804,1.9999667
model_439,c_2,c_1,c_2,c_7,0.9735,0.08364543
model_440,c_1,c_10,c_1,c_7,0.975,0.08219833
model_441,c_10,c_8,c_7,c_6,0.9739,0.08171649
model_442,c_4,m_2,c_1,m_3,0.9453,0.18320322
model_443,c_10,c_10,c_8,c_4,0.9749,0.08117465
model_444,c_4,c_3,c_6,s,0.9737,0.083855055
model_445,m_1,c_3,m_3,c_6,0.9273,0.32165644
model_446,c_11,c_10,m_1,c_2,0.9591,0.14013144
model_447,c_6,c_12,c_1,c_5,0.9704,0.090574406
model_448,c_5,m_3,m_1,c_7,0.9027,0.41618034
model_449,c_7,c_10,m_2,c_8,0.958,0.14546975
model_450,c_2,c_3,c_10,c_5,0.9735,0.08613517
model_451,m_3,c_8,c_10,c_4,0.8352,0.5261481
model_452,c_3,c_10,c_5,c_10,0.9713,0.08583083
model_453,c_2,c_12,c_5,c_11,0.9739,0.082854405
model_454,c_12,c_1,c_3,c_1,0.9724,0.0850206
model_455,c_8,c_6,c_5,c_12,0.9715,0.09310931
model_456,c_7,c_4,c_12,c_11,0.9736,0.08402198
model_457,c_9,c_9,c_3,c_9,0.9732,0.086731836
model_458,c_5,c_9,c_8,c_1,0.9731,0.0814484
model_459,c_7,c_12,m_2,c_8,0.9673,0.11419965
model_460,c_2,m_3,c_2,m_3,0.9415,0.20013407
model_461,c_10,c_3,c_11,c_7,0.9734,0.08278527
model_462,c_9,c_1,m_3,s,0.9592,0.14676592
model_463,c_12,c_9,c_7,m_2,0.9738,0.085109375
model_464,c_1,c_6,m_3,c_5,0.9694,0.102686435
model_465,c_10,c_11,c_3,m_2,0.9737,0.083690666
model_466,c_12,c_6,c_11,c_6,0.9717,0.0871901
model_467,c_9,c_8,c_4,m_1,0.9722,0.088086784
model_468,c_11,c_6,m_2,c_7,0.9652,0.1213434
model_469,c_12,m_1,m_1,c_10,0.9285,0.2659988
model_470,c_1,c_12,c_8,c_2,0.9727,0.087601684
model_471,m_3,c_11,m_2,c_8,0.7411,1.0379404
model_472,c_7,c_12,c_12,m_1,0.9727,0.083734706
model_473,c_8,c_5,m_1,c_6,0.9597,0.13493973
model_474,c_9,c_5,c_11,c_12,0.9723,0.08394297
model_475,m_3,c_5,m_2,c_8,0.7437,1.0488076
model_476,c_2,m_3,c_6,c_8,0.942,0.19637562
model_477,c_5,c_4,m_2,c_10,0.9602,0.13970728
model_478,c_8,c_5,c_12,c_12,0.9741,0.08101567
model_479,c_8,c_9,c_4,c_6,0.9733,0.08228444
model_480,m_2,c_1,m_2,m_1,0.8931,0.40959263
model_481,c_3,c_4,c_7,c_10,0.9718,0.08670776
model_482,c_10,m_2,m_3,c_4,0.731,1.1802701
model_483,c_12,c_4,c_1,c_8,0.9733,0.0890953
model_484,c_3,c_9,c_11,c_6,0.9707,0.09138004
model_485,c_10,c_6,c_3,m_1,0.9737,0.08311896
model_486,c_11,c_6,c_6,c_4,0.9733,0.08542946
model_487,c_3,c_3,c_4,c_8,0.9733,0.0832596
model_488,c_7,c_4,c_5,c_10,0.974,0.080873944
model_489,m_2,c_1,m_3,s,0.8165,0.90679604
model_490,c_4,c_6,c_11,c_11,0.9742,0.08026242
model_491,c_11,c_5,c_5,s,0.9741,0.08373105
model_492,c_3,c_11,c_3,c_12,0.9729,0.08567225
model_493,c_9,c_1,c_12,c_6,0.9734,0.084283315
model_494,c_1,c_11,c_8,m_3,0.9737,0.084298216
model_495,c_10,m_2,c_3,s,0.9465,0.18188454
model_496,m_2,m_3,c_6,c_8,0.2779,2.0187383
model_497,c_4,c_10,c_8,m_3,0.9762,0.08101152
model_498,c_6,c_6,c_12,c_4,0.9731,0.08137472
model_499,c_7,m_1,m_2,c_7,0.8944,0.3968826
model_500,m_2,m_2,m_3,c_10,0.1135,2.301061
model_501,c_9,c_2,c_12,c_4,0.9726,0.08785199
model_502,c_5,c_3,c_5,s,0.9731,0.087541215
model_503,c_3,c_1,c_5,s,0.9726,0.09107248
model_504,c_5,c_6,c_5,m_3,0.9714,0.087838285
model_505,c_3,c_2,c_10,c_2,0.9676,0.09811917
model_506,c_8,m_3,c_5,c_8,0.9428,0.19662537
model_507,c_12,c_10,c_3,s,0.9726,0.08867678
model_508,m_2,m_2,m_1,c_6,0.3314,2.0230963
model_509,c_1,c_10,c_2,c_8,0.9754,0.07886561
model_510,c_10,c_4,c_7,m_2,0.9726,0.08510172
model_511,c_8,c_11,m_2,c_6,0.9631,0.12645362
model_512,c_11,m_1,c_8,c_7,0.9512,0.16554876
model_513,c_5,c_1,c_8,c_6,0.9737,0.08382352
model_514,m_1,c_10,c_9,c_5,0.9361,0.20456128
model_515,c_10,c_3,c_3,m_2,0.9731,0.083312064
model_516,m_3,c_8,m_3,m_1,0.6058,1.6449603
model_517,m_1,c_11,c_6,m_1,0.9573,0.14213212
model_518,c_10,c_10,c_4,c_10,0.9805,0.059745856
model_519,c_11,c_4,c_12,c_7,0.9806,0.059350453
model_520,c_1,c_8,c_12,c_9,0.9813,0.060944453
model_521,m_1,c_2,s,-,0.9334,0.22529267
model_522,c_8,c_5,c_6,c_6,0.9807,0.061991002
model_523,c_11,c_8,s,-,0.9764,0.07130716
model_524,c_9,c_9,c_1,c_8,0.9793,0.06297002
model_525,c_5,c_3,c_2,c_1,0.9795,0.06143571
model_526,c_12,c_3,m_1,c_5,0.973,0.0879638
model_527,c_9,c_10,c_1,c_1,0.9796,0.060720142
model_528,c_8,c_3,c_7,c_10,0.9798,0.06096791
model_529,c_11,c_5,c_12,c_9,0.9804,0.059157524
model_530,c_12,c_4,c_8,m_1,0.9809,0.062172648
model_531,c_8,c_8,c_7,m_3,0.9792,0.06294638
model_532,m_1,m_1,c_2,c_4,0.8334,0.52857095
model_533,c_7,m_3,m_3,m_2,0.6121,1.5446007
model_534,c_9,c_5,c_9,c_2,0.9805,0.060228463
model_535,c_10,c_7,c_1,c_6,0.9813,0.057998743
model_536,c_4,m_3,m_2,c_8,0.861,0.5435748
model_537,c_6,c_2,c_7,m_1,0.979,0.0612676
model_538,c_7,c_8,c_6,c_6,0.9784,0.06556745
model_539,c_3,c_9,c_8,m_3,0.9801,0.06312983
model_540,c_4,m_1,c_6,c_11,0.9663,0.1150913
model_541,c_12,c_6,c_12,c_11,0.9801,0.06089119
model_542,c_12,c_9,c_7,c_10,0.9785,0.065710306
model_543,c_2,c_9,c_10,c_8,0.9799,0.06274603
model_544,c_10,c_3,m_2,c_12,0.9794,0.06663956
model_545,c_4,m_3,m_3,c_9,0.5983,1.5098037
model_546,c_1,c_8,c_10,c_9,0.974,0.0829465
model_547,c_12,c_7,c_3,c_7,0.9718,0.0849329
model_548,c_2,c_6,m_3,c_5,0.9699,0.104406
model_549,c_8,m_2,c_7,c_10,0.951,0.169539
model_550,c_11,m_3,c_8,c_5,0.9407,0.200365
model_551,c_11,c_2,c_10,c_5,0.9738,0.0832416
model_552,c_11,c_7,c_11,m_3,0.9725,0.0821483
model_553,c_1,c_6,c_6,c_8,0.972,0.0888211
model_554,c_5,m_1,c_11,c_12,0.9529,0.158473
model_555,c_12,c_11,m_1,c_4,0.9615,0.131956
model_556,c_7,m_3,c_2,c_11,0.9238,0.258833
model_557,c_11,c_6,c_6,c_3,0.9733,0.0836532
model_558,c_6,c_9,s,-,0.9687,0.102225
model_559,m_1,c_7,c_7,m_3,0.9341,0.215048
model_560,c_6,c_7,c_12,c_6,0.9733,0.0827137
model_561,m_3,c_1,c_1,c_12,0.8272,0.545806
model_562,m_1,c_8,c_11,s,0.9337,0.21582
model_563,c_5,c_7,c_11,c_12,0.9752,0.0818678
model_564,c_6,c_1,c_5,c_2,0.9724,0.0881503
model_565,c_2,c_1,c_5,c_8,0.9733,0.0889568
model_566,m_3,m_1,m_2,c_7,0.1135,2.30107
model_567,m_2,m_1,c_2,c_10,0.7416,0.84277
model_568,c_7,m_1,c_8,c_4,0.9509,0.170292
model_569,c_2,c_1,c_1,c_12,0.9739,0.0817163
model_570,c_8,c_1,c_9,m_3,0.9747,0.0821973
model_571,c_12,m_2,m_1,c_2,0.9378,0.239348
model_572,c_6,c_1,c_12,c_7,0.9724,0.0870303
model_573,c_11,c_9,c_11,c_1,0.9726,0.0850104
model_574,c_10,c_1,m_1,c_10,0.9578,0.145329
model_575,c_9,c_5,c_2,c_8,0.971,0.0890321
model_576,m_2,c_4,s,-,0.9072,0.312952
model_577,c_1,c_1,c_9,c_7,0.9742,0.0809204
model_578,c_1,c_5,c_6,m_2,0.9743,0.0819342
model_579,c_6,c_8,c_12,c_11,0.9729,0.0854475
model_580,c_3,m_3,c_6,c_11,0.9536,0.1565
model_581,c_11,c_3,c_2,s,0.9738,0.0816442
model_582,m_3,c_9,m_1,m_1,0.7563,0.837233
model_583,c_1,c_10,c_7,c_9,0.9744,0.0824421
model_584,c_8,c_6,c_6,m_2,0.9747,0.08224
model_585,m_3,c_11,c_3,c_5,0.8379,0.521351
model_586,c_1,m_2,c_10,c_7,0.9463,0.177613
model_587,m_1,c_1,c_5,m_2,0.9375,0.207409
model_588,c_6,c_3,m_2,c_1,0.9639,0.119557
model_589,m_3,m_3,c_7,c_10,0.1135,2.30104
model_590,c_6,c_11,c_8,c_3,0.9736,0.0826269
model_591,c_3,c_3,c_8,s,0.9715,0.0873933
model_592,c_8,c_11,m_1,c_12,0.9611,0.132249
model_593,c_7,c_4,c_6,c_8,0.9739,0.0828105
model_594,c_2,c_7,c_4,c_6,0.9735,0.0830536
model_595,m_2,m_2,c_5,c_9,0.663,1.03979
model_596,c_9,c_1,c_12,c_1,0.9723,0.0882366
model_597,m_3,c_9,c_8,c_9,0.8345,0.528562
model_598,c_10,c_10,m_3,c_5,0.9521,0.159886
model_599,c_5,c_3,c_8,c_3,0.9727,0.0850514
model_600,c_11,c_3,c_8,c_2,0.973,0.0852712
model_601,c_12,c_8,c_1,m_3,0.974,0.0823976
model_602,c_3,m_3,c_2,c_6,0.9523,0.16351
model_603,m_2,m_1,c_5,c_5,0.7482,0.830127
model_604,c_2,c_8,c_9,c_2,0.9729,0.0867129
model_605,m_1,m_1,c_11,s,0.8002,0.670263
model_606,c_2,c_8,c_12,c_8,0.9726,0.0847191
model_607,c_4,c_10,m_3,c_1,0.9524,0.161414
model_608,m_2,c_4,c_5,c_12,0.9362,0.216597
model_609,c_8,m_2,c_1,c_4,0.9482,0.173438
model_610,c_3,c_1,m_3,c_10,0.9512,0.168062
model_611,m_3,c_7,m_3,m_2,0.56,1.99616
model_612,c_11,c_2,c_1,c_12,0.9735,0.0837705
model_613,m_1,c_11,c_6,c_2,0.9357,0.209159
model_614,m_2,c_8,c_11,c_11,0.9327,0.222405
model_615,m_3,c_8,c_12,c_10,0.8376,0.519233
model_616,c_10,c_11,c_9,c_2,0.9739,0.0843152
model_617,m_1,m_3,c_5,c_3,0.4669,1.60475
model_618,c_11,c_3,c_6,c_11,0.9738,0.0861332
model_619,c_4,c_12,m_2,s,0.9694,0.110317
model_620,c_8,c_12,m_3,c_9,0.9733,0.0940876
model_621,c_6,c_6,c_12,m_1,0.9724,0.0832481
model_622,c_3,c_2,c_6,c_8,0.9734,0.0850009
model_623,m_1,c_7,c_5,s,0.9364,0.208642
model_624,m_2,c_12,c_12,m_1,0.9308,0.227282
model_625,c_5,m_3,c_7,c_1,0.9398,0.20838
model_626,c_4,m_1,c_5,m_3,0.9492,0.17269
model_627,c_3,c_3,c_3,c_10,0.9741,0.0824544
model_628,m_1,c_7,c_12,m_2,0.9391,0.205124
model_629,c_10,c_7,c_10,c_5,0.975,0.0824889
model_630,c_7,c_6,c_12,c_2,0.9742,0.0801924
model_631,m_1,c_5,c_2,c_2,0.9385,0.202435
model_632,c_3,c_6,c_8,c_11,0.9728,0.08654
model_633,c_4,c_3,c_10,c_12,0.9727,0.0848153
model_634,c_11,c_7,c_9,c_4,0.9733,0.0852092
model_635,c_3,m_3,c_9,c_9,0.9614,0.136077
model_636,c_8,m_3,c_3,c_11,0.9486,0.180837
model_637,c_11,c_1,c_11,c_12,0.9736,0.0803674
model_638,m_3,m_3,c_5,c_1,0.1135,2.30107
model_639,c_6,c_11,c_2,c_7,0.9727,0.087106
model_640,c_4,m_3,c_9,c_3,0.9357,0.222871
model_641,c_9,m_1,c_2,c_7,0.9518,0.161959
model_642,c_3,m_2,c_7,m_2,0.9539,0.158602
model_643,c_9,m_3,c_11,c_8,0.9581,0.143315
model_644,c_6,c_4,c_1,c_2,0.9747,0.0840349
model_645,c_1,c_12,c_1,c_11,0.9745,0.0815911
model_646,c_6,c_4,m_2,m_3,0.958,0.144391
model_647,c_12,c_5,c_5,m_2,0.973,0.0869166
model_648,c_9,c_12,s,-,0.9693,0.104341
model_649,c_7,c_5,m_1,c_3,0.9586,0.141564
model_650,c_10,c_4,c_12,c_8,0.9744,0.0813993
model_651,m_2,c_3,c_5,c_10,0.9319,0.22387
model_652,m_1,c_5,m_3,c_12,0.9262,0.333313
model_653,c_9,c_2,m_2,c_8,0.9613,0.130057
model_654,c_6,c_4,c_4,c_1,0.9741,0.0801151
model_655,m_1,c_8,c_3,c_5,0.9359,0.211964
model_656,m_2,c_12,m_3,s,0.8742,0.530793
model_657,c_3,c_7,c_2,c_12,0.9725,0.0852606
model_658,c_5,c_10,c_12,c_2,0.9743,0.0809044
model_659,c_4,c_1,c_3,c_8,0.9734,0.0795863
model_660,m_3,c_2,c_12,m_3,0.8349,0.524288
model_661,c_12,m_2,c_4,m_2,0.951,0.167763
model_662,c_4,m_1,c_6,m_3,0.9476,0.175526
model_663,c_2,c_12,c_2,c_11,0.9723,0.0862826
model_664,c_6,c_11,c_10,c_4,0.9704,0.0883721
model_665,c_12,c_4,c_2,c_6,0.9734,0.0868033
model_666,c_10,c_3,c_1,c_4,0.9737,0.0849209
model_667,c_8,m_2,c_5,c_10,0.9511,0.164461
model_668,c_12,c_4,m_2,c_10,0.9563,0.149529
model_669,m_1,c_5,c_4,c_1,0.9329,0.219666
model_670,c_4,c_10,c_2,m_1,0.9744,0.0826427
model_671,c_1,c_12,c_7,c_11,0.9747,0.081467
model_672,c_7,m_3,c_7,c_4,0.9145,0.281141
model_673,c_8,m_1,m_1,c_7,0.9127,0.315666
model_674,c_11,m_2,c_3,c_1,0.9531,0.160019
model_675,c_2,c_1,c_3,c_9,0.9735,0.0837241
model_676,m_3,c_4,s,-,0.8101,0.62372
model_677,c_8,c_4,c_6,s,0.9732,0.0825979
model_678,c_4,m_3,c_5,s,0.9255,0.249445
model_679,c_7,c_6,c_4,c_9,0.9741,0.0841549
model_680,c_2,c_2,c_5,c_1,0.9725,0.0826686
model_681,c_4,c_2,c_3,s,0.9738,0.0818698
model_682,c_8,c_5,s,-,0.97,0.106308
model_683,c_2,m_3,c_3,c_6,0.9469,0.178403
model_684,c_6,c_7,c_5,c_1,0.9731,0.0842956
model_685,c_3,c_7,c_12,m_3,0.9747,0.0832334
model_686,c_4,m_1,c_10,c_5,0.9495,0.171404
model_687,c_4,c_12,c_3,c_8,0.974,0.0803533
model_688,c_6,c_9,c_12,c_9,0.9724,0.0847531
model_689,c_6,c_5,c_7,c_11,0.9721,0.0838791
model_690,c_5,c_6,c_3,c_4,0.9749,0.0784225
model_691,m_2,c_11,m_3,c_12,0.8788,0.566163
model_692,c_7,c_9,c_7,c_7,0.9742,0.0843004
model_693,c_5,m_3,c_8,c_5,0.945,0.187035
model_694,c_2,c_3,c_6,c_1,0.9727,0.0863411
model_695,c_12,c_8,c_5,c_3,0.9733,0.0851384
model_696,m_3,c_6,c_1,c_8,0.8333,0.536142
model_697,c_3,c_1,c_3,c_5,0.973,0.0836089
model_698,m_1,c_4,m_1,c_1,0.8986,0.383824
model_699,c_11,c_1,c_3,c_10,0.9736,0.0851142
model_700,c_8,c_5,s,-,0.967,0.108533
model_701,c_5,c_11,c_2,m_1,0.9726,0.0868642
model_702,c_4,c_9,c_3,c_10,0.9731,0.0859579
model_703,c_12,c_9,c_1,s,0.9721,0.0913765
model_704,c_4,c_8,c_1,m_3,0.9742,0.0803261
model_705,m_1,c_6,c_4,c_10,0.9312,0.227733
model_706,c_10,c_4,m_2,c_11,0.9547,0.149321
model_707,c_9,c_8,c_9,m_2,0.9705,0.0891884
model_708,c_5,m_3,c_4,c_6,0.9448,0.191339
model_709,c_3,c_12,c_4,c_4,0.9716,0.0875763
model_710,c_1,c_4,c_11,c_1,0.9755,0.081041
model_711,c_3,c_5,m_1,c_4,0.9608,0.132526
model_712,c_8,c_12,c_11,c_12,0.9732,0.083131
model_713,c_8,c_12,m_2,c_4,0.9671,0.113925
model_714,c_8,c_2,c_8,m_2,0.9731,0.0857774
model_715,c_4,m_1,c_5,c_6,0.9485,0.175857
model_716,c_5,c_9,c_7,c_5,0.9736,0.0860703
model_717,c_3,c_6,m_1,c_9,0.9639,0.129057
model_718,c_5,c_3,c_11,m_3,0.9717,0.0877152
model_719,m_1,c_8,c_10,c_6,0.9349,0.214936
model_720,c_4,c_3,c_8,c_8,0.9744,0.0787192
model_721,c_8,c_7,m_2,c_7,0.9587,0.141847
model_722,c_1,c_12,c_7,c_8,0.9722,0.0840272
model_723,c_6,c_6,c_2,c_8,0.9736,0.0843973
model_724,c_2,c_2,c_9,s,0.9738,0.0835716
model_725,c_9,c_5,m_1,m_2,0.9607,0.133565
model_726,c_8,c_7,c_11,m_2,0.9743,0.0799786
model_727,c_8,c_3,m_2,c_9,0.9656,0.11882
model_728,c_12,m_1,c_8,c_10,0.9549,0.15761
model_729,c_2,c_6,m_3,c_8,0.9701,0.0994713
model_730,c_8,c_9,m_1,c_3,0.9634,0.127451
model_731,c_8,c_3,c_5,c_11,0.9735,0.0850316
model_732,m_1,c_5,s,-,0.9159,0.293358
model_733,c_12,c_6,c_3,m_1,0.9726,0.0864233
model_734,c_2,c_10,c_7,c_5,0.9732,0.0828358
model_735,c_2,c_4,c_12,c_9,0.9726,0.0863042
model_736,c_5,c_9,m_3,c_5,0.9718,0.100168
model_737,c_10,c_5,m_3,m_2,0.9656,0.125822
model_738,c_8,c_12,c_3,c_4,0.9736,0.0836941
model_739,c_5,m_2,c_4,c_9,0.9505,0.165925
model_740,c_12,c_9,c_5,m_2,0.9729,0.0869149
model_741,c_5,c_10,s,-,0.9649,0.114665
model_742,c_8,c_3,c_2,c_4,0.9726,0.0886685
model_743,m_1,c_7,c_8,c_11,0.9372,0.207146
model_744,m_1,c_5,m_3,c_7,0.9246,0.332152
model_745,c_5,c_3,c_7,c_4,0.9733,0.0853319
model_746,m_1,c_10,c_8,c_10,0.9384,0.204115
model_747,c_4,c_7,c_2,c_1,0.973,0.0833346
model_748,c_1,c_6,c_10,c_7,0.9744,0.0783824
model_749,c_3,c_7,c_1,m_3,0.9712,0.0923143
model_750,c_12,m_1,c_12,c_7,0.9529,0.162757
model_751,c_11,c_3,m_1,c_1,0.9614,0.133422
model_752,c_10,c_5,c_11,c_1,0.9743,0.079033
model_753,m_3,c_2,c_6,c_1,0.8344,0.518689
model_754,m_3,c_5,c_6,c_1,0.8393,0.508623
model_755,c_5,c_12,c_7,c_9,0.9726,0.0822693
model_756,c_9,c_5,c_1,c_1,0.9734,0.0840343
model_757,m_1,c_6,c_1,c_8,0.9347,0.22355
model_758,c_10,c_9,m_3,c_9,0.9687,0.108625
model_759,c_9,m_2,s,-,0.9425,0.208359
model_760,c_12,c_10,c_9,c_4,0.9732,0.0863867
model_761,c_10,m_2,m_3,c_9,0.7502,1.20433
model_762,m_3,c_3,c_3,m_2,0.8344,0.513167
model_763,c_7,c_6,c_1,m_1,0.9739,0.088348
model_764,c_7,c_3,c_5,c_6,0.9736,0.0832722
model_765,m_2,c_5,c_9,m_2,0.9345,0.221932
model_766,c_12,c_5,c_10,c_1,0.9739,0.0806472
model_767,c_8,m_1,c_11,c_9,0.9527,0.16335
model_768,c_1,m_1,m_1,c_10,0.894,0.376971
model_769,c_7,c_9,m_1,c_11,0.9618,0.133397
model_770,c_12,m_2,c_9,c_11,0.9561,0.153285
model_771,c_4,c_1,m_2,c_6,0.9568,0.149135
model_772,c_5,c_2,c_7,c_7,0.9735,0.0826645
model_773,c_2,c_9,c_1,c_9,0.9731,0.0865388
model_774,c_7,c_8,c_5,c_7,0.9743,0.0831742
model_775,m_3,c_5,c_12,c_4,0.8416,0.510166
model_776,c_8,m_2,c_1,c_1,0.9513,0.167785
model_777,c_6,c_12,c_6,c_11,0.972,0.0886649
model_778,c_3,c_8,c_7,c_5,0.9727,0.0864552
model_779,c_7,c_7,c_12,c_2,0.9745,0.080041
model_780,c_7,c_6,c_12,c_1,0.974,0.080193
model_781,c_7,c_3,s,-,0.9679,0.108939
model_782,c_5,m_3,c_4,c_12,0.931,0.234334
model_783,c_2,c_9,c_2,c_5,0.975,0.084216
model_784,c_2,c_5,m_1,c_9,0.9613,0.133378
model_785,c_2,c_9,c_3,c_8,0.9734,0.0846027
model_786,c_11,c_8,c_4,c_2,0.9743,0.0846447
model_787,m_1,c_9,c_11,c_12,0.9343,0.218526
model_788,c_11,m_3,c_11,c_7,0.9495,0.178872
model_789,c_7,m_1,c_1,c_3,0.9483,0.173094
model_790,c_1,c_2,m_3,c_3,0.9674,0.115244
model_791,c_4,c_7,m_2,c_8,0.9561,0.148678
model_792,c_7,c_7,m_3,c_10,0.9534,0.165188
model_793,c_10,c_4,c_12,m_2,0.9732,0.0820505
model_794,c_4,m_2,s,-,0.9264,0.25917
model_795,m_2,c_4,c_2,s,0.9354,0.219262
model_796,c_8,m_3,c_2,c_12,0.9487,0.177123
model_797,c_7,c_2,m_1,c_2,0.9572,0.145039
model_798,c_1,m_3,c_9,m_1,0.9317,0.234074
model_799,c_4,m_2,c_11,m_2,0.9488,0.173903
model_800,c_12,m_2,c_7,c_3,0.9522,0.165162
model_801,c_3,c_7,c_3,c_10,0.9727,0.0827604
model_802,m_3,c_6,m_1,c_5,0.7523,0.829931
model_803,m_3,c_5,c_9,s,0.8377,0.515298
model_804,m_2,m_2,c_4,c_12,0.6632,1.0376
model_805,c_6,m_3,m_3,c_9,0.6829,1.56588
model_806,m_2,c_1,c_6,m_2,0.9336,0.218875
model_807,c_12,c_3,c_7,c_10,0.9722,0.0866232
model_808,c_4,c_3,c_6,c_4,0.9737,0.0822347
model_809,c_2,m_1,m_2,s,0.9227,0.292167
model_810,m_3,c_1,c_5,c_10,0.8396,0.504642
model_811,c_11,c_1,c_5,m_2,0.9728,0.082647
model_812,c_9,c_6,s,-,0.9669,0.106367
model_813,c_3,c_2,c_2,c_11,0.9707,0.0879648
model_814,c_6,c_3,c_4,s,0.9714,0.0857618
model_815,c_7,c_12,c_11,c_5,0.9726,0.082109
model_816,c_6,c_8,c_3,s,0.9722,0.0883543
model_817,c_3,c_12,c_11,c_6,0.9742,0.0808262
model_818,m_2,c_8,c_2,c_12,0.9319,0.224559
model_819,c_10,c_5,c_2,c_3,0.9746,0.082929
model_820,c_7,c_7,c_8,m_3,0.9747,0.080602355
model_821,c_2,c_7,c_9,c_2,0.9706,0.091446094
model_822,c_2,c_10,c_4,c_12,0.9748,0.08039793
model_823,m_1,m_3,m_2,c_12,0.1135,2.3010745
model_824,c_1,c_6,c_9,c_8,0.9742,0.08174273
model_825,c_6,m_1,c_2,c_7,0.951,0.16430347
model_826,m_1,c_7,c_8,s,0.9368,0.21013282
model_827,c_4,c_7,c_9,c_7,0.9742,0.08384598
model_828,c_1,c_4,s,-,0.9672,0.113105156
model_829,c_2,c_10,c_12,c_10,0.9732,0.08103811
model_830,c_7,c_8,c_10,c_9,0.9757,0.081734866
model_831,c_2,c_6,c_1,c_4,0.9719,0.08587848
model_832,c_4,c_6,c_11,c_1,0.9721,0.08402068
model_833,c_10,c_3,c_5,s,0.9729,0.0880081
model_834,c_6,c_12,c_4,c_11,0.9735,0.085902356
model_835,c_2,c_8,c_4,c_4,0.9742,0.08002292
model_836,c_1,c_7,c_8,c_9,0.9748,0.082190685
model_837,c_10,m_2,c_10,c_7,0.9474,0.17888848
model_838,c_3,c_3,c_7,m_3,0.9724,0.089960895
model_839,c_4,c_3,c_4,m_1,0.9747,0.080231525
model_840,c_12,c_10,c_9,s,0.9702,0.09020161
model_841,c_8,m_1,c_11,s,0.9522,0.1627731
model_842,c_10,c_6,c_6,c_1,0.9734,0.08123226
model_843,c_5,c_9,c_7,c_10,0.9721,0.0893285
model_844,m_3,m_1,c_7,m_1,0.5015,1.5682927
model_845,c_5,c_7,c_8,c_3,0.9717,0.086727485
model_846,c_10,c_11,c_12,c_2,0.9735,0.08272179
model_847,c_8,c_11,c_3,c_7,0.975,0.08180261
model_848,c_4,c_9,c_6,c_7,0.9734,0.08218883
model_849,c_11,c_8,c_2,c_11,0.9719,0.08588305
model_850,c_9,c_10,c_3,c_4,0.9719,0.08899738
model_851,c_10,c_7,c_8,c_5,0.9741,0.07980893
model_852,c_11,c_4,m_2,c_1,0.9588,0.14354329
model_853,c_11,c_12,c_11,c_8,0.9709,0.08857046
model_854,c_10,m_2,c_9,c_8,0.9473,0.17790301
model_855,m_1,c_11,c_6,m_1,0.9573,0.14213212
model_856,c_10,c_10,c_4,c_10,0.9805,0.059745856
model_857,c_11,c_4,c_12,c_7,0.9806,0.059350453
model_858,c_1,c_8,c_12,c_9,0.9813,0.060944453
model_859,m_1,c_2,s,-,0.9334,0.22529267
model_860,c_8,c_5,c_6,c_6,0.9807,0.061991002
model_861,c_11,c_8,s,-,0.9764,0.07130716
model_862,c_9,c_9,c_1,c_8,0.9793,0.06297002
model_863,c_5,c_3,c_2,c_1,0.9795,0.06143571
model_864,c_12,c_3,m_1,c_5,0.973,0.0879638
model_865,c_9,c_10,c_1,c_1,0.9796,0.060720142
model_866,c_8,c_3,c_7,c_10,0.9798,0.06096791
model_867,c_11,c_5,c_12,c_9,0.9804,0.059157524
model_868,c_12,c_4,c_8,m_1,0.9809,0.062172648
model_869,c_8,c_8,c_7,m_3,0.9792,0.06294638
model_870,m_1,m_1,c_2,c_4,0.8334,0.52857095
model_871,c_7,m_3,m_3,m_2,0.6121,1.5446007
model_872,c_9,c_5,c_9,c_2,0.9805,0.060228463
model_873,c_10,c_7,c_1,c_6,0.9813,0.057998743
model_874,c_4,m_3,m_2,c_8,0.861,0.5435748
model_875,c_6,c_2,c_7,m_1,0.979,0.0612676
model_876,c_7,c_8,c_6,c_6,0.9784,0.06556745
model_877,c_3,c_9,c_8,m_3,0.9801,0.06312983
model_878,c_4,m_1,c_6,c_11,0.9663,0.1150913
model_879,c_12,c_6,c_12,c_11,0.9801,0.06089119
model_880,c_12,c_9,c_7,c_10,0.9785,0.065710306
model_881,c_2,c_9,c_10,c_8,0.9799,0.06274603
model_882,c_10,c_3,m_2,c_12,0.9794,0.06663956
model_883,c_4,m_3,m_3,c_9,0.5983,1.5098037
model_884,c_1,c_8,c_10,c_9,0.974,0.0829465
model_885,c_12,c_7,c_3,c_7,0.9718,0.0849329
model_886,c_2,c_6,m_3,c_5,0.9699,0.104406
model_887,c_8,m_2,c_7,c_10,0.951,0.169539
model_888,c_11,m_3,c_8,c_5,0.9407,0.200365
model_889,c_11,c_2,c_10,c_5,0.9738,0.0832416
model_890,c_11,c_7,c_11,m_3,0.9725,0.0821483
model_891,c_1,c_6,c_6,c_8,0.972,0.0888211
model_892,c_5,m_1,c_11,c_12,0.9529,0.158473
model_893,c_12,c_11,m_1,c_4,0.9615,0.131956
model_894,c_7,m_3,c_2,c_11,0.9238,0.258833
model_895,c_11,c_6,c_6,c_3,0.9733,0.0836532
model_896,c_6,c_9,s,-,0.9687,0.102225
model_897,m_1,c_7,c_7,m_3,0.9341,0.215048
model_898,c_6,c_7,c_12,c_6,0.9733,0.0827137
model_899,m_3,c_1,c_1,c_12,0.8272,0.545806
model_900,m_1,c_8,c_11,s,0.9337,0.21582
model_901,c_5,c_7,c_11,c_12,0.9752,0.0818678
model_902,c_6,c_1,c_5,c_2,0.9724,0.0881503
model_903,c_2,c_1,c_5,c_8,0.9733,0.0889568
model_904,m_3,m_1,m_2,c_7,0.1135,2.30107
model_905,m_2,m_1,c_2,c_10,0.7416,0.84277
model_906,c_7,m_1,c_8,c_4,0.9509,0.170292
model_907,c_2,c_1,c_1,c_12,0.9739,0.0817163
model_908,c_8,c_1,c_9,m_3,0.9747,0.0821973
model_909,c_12,m_2,m_1,c_2,0.9378,0.239348
model_910,c_6,c_1,c_12,c_7,0.9724,0.0870303
model_911,c_11,c_9,c_11,c_1,0.9726,0.0850104
model_912,c_10,c_1,m_1,c_10,0.9578,0.145329
model_913,c_9,c_5,c_2,c_8,0.971,0.0890321
model_914,m_2,c_4,s,-,0.9072,0.312952
model_915,c_1,c_1,c_9,c_7,0.9742,0.0809204
model_916,c_1,c_5,c_6,m_2,0.9743,0.0819342
model_917,c_6,c_8,c_12,c_11,0.9729,0.0854475
model_918,c_3,m_3,c_6,c_11,0.9536,0.1565
model_919,c_11,c_3,c_2,s,0.9738,0.0816442
model_920,m_3,c_9,m_1,m_1,0.7563,0.837233
model_921,c_1,c_10,c_7,c_9,0.9744,0.0824421
model_922,c_8,c_6,c_6,m_2,0.9747,0.08224
model_923,m_3,c_11,c_3,c_5,0.8379,0.521351
model_924,c_1,m_2,c_10,c_7,0.9463,0.177613
model_925,m_1,c_1,c_5,m_2,0.9375,0.207409
model_926,c_6,c_3,m_2,c_1,0.9639,0.119557
model_927,m_3,m_3,c_7,c_10,0.1135,2.30104
model_928,c_6,c_11,c_8,c_3,0.9736,0.0826269
model_929,c_3,c_3,c_8,s,0.9715,0.0873933
model_930,c_8,c_11,m_1,c_12,0.9611,0.132249
model_931,c_7,c_4,c_6,c_8,0.9739,0.0828105
model_932,c_2,c_7,c_4,c_6,0.9735,0.0830536
model_933,m_2,m_2,c_5,c_9,0.663,1.03979
model_934,c_9,c_1,c_12,c_1,0.9723,0.0882366
model_935,m_3,c_9,c_8,c_9,0.8345,0.528562
model_936,c_10,c_10,m_3,c_5,0.9521,0.159886
model_937,c_5,c_3,c_8,c_3,0.9727,0.0850514
model_938,c_11,c_3,c_8,c_2,0.973,0.0852712
model_939,c_12,c_8,c_1,m_3,0.974,0.0823976
model_940,c_3,m_3,c_2,c_6,0.9523,0.16351
model_941,m_2,m_1,c_5,c_5,0.7482,0.830127
model_942,c_2,c_8,c_9,c_2,0.9729,0.0867129
model_943,m_1,m_1,c_11,s,0.8002,0.670263
model_944,c_2,c_8,c_12,c_8,0.9726,0.0847191
model_945,c_4,c_10,m_3,c_1,0.9524,0.161414
model_946,m_2,c_4,c_5,c_12,0.9362,0.216597
model_947,c_8,m_2,c_1,c_4,0.9482,0.173438
model_948,c_3,c_1,m_3,c_10,0.9512,0.168062
model_949,m_3,c_7,m_3,m_2,0.56,1.99616
model_950,c_11,c_2,c_1,c_12,0.9735,0.0837705
model_951,m_1,c_11,c_6,c_2,0.9357,0.209159
model_952,m_2,c_8,c_11,c_11,0.9327,0.222405
model_953,m_3,c_8,c_12,c_10,0.8376,0.519233
model_954,c_10,c_11,c_9,c_2,0.9739,0.0843152
model_955,m_1,m_3,c_5,c_3,0.4669,1.60475
model_956,c_11,c_3,c_6,c_11,0.9738,0.0861332
model_957,c_4,c_12,m_2,s,0.9694,0.110317
model_958,c_8,c_12,m_3,c_9,0.9733,0.0940876
model_959,c_6,c_6,c_12,m_1,0.9724,0.0832481
model_960,c_3,c_2,c_6,c_8,0.9734,0.0850009
model_961,m_1,c_7,c_5,s,0.9364,0.208642
model_962,m_2,c_12,c_12,m_1,0.9308,0.227282
model_963,c_5,m_3,c_7,c_1,0.9398,0.20838
model_964,c_4,m_1,c_5,m_3,0.9492,0.17269
model_965,c_3,c_3,c_3,c_10,0.9741,0.0824544
model_966,m_1,c_7,c_12,m_2,0.9391,0.205124
model_967,c_10,c_7,c_10,c_5,0.975,0.0824889
model_968,c_7,c_6,c_12,c_2,0.9742,0.0801924
model_969,m_1,c_5,c_2,c_2,0.9385,0.202435
model_970,c_3,c_6,c_8,c_11,0.9728,0.08654
model_971,c_4,c_3,c_10,c_12,0.9727,0.0848153
model_972,c_11,c_7,c_9,c_4,0.9733,0.0852092
model_973,c_3,m_3,c_9,c_9,0.9614,0.136077
model_974,c_8,m_3,c_3,c_11,0.9486,0.180837
model_975,c_11,c_1,c_11,c_12,0.9736,0.0803674
model_976,m_3,m_3,c_5,c_1,0.1135,2.30107
model_977,c_6,c_11,c_2,c_7,0.9727,0.087106
model_978,c_4,m_3,c_9,c_3,0.9357,0.222871
model_979,c_9,m_1,c_2,c_7,0.9518,0.161959
model_980,c_3,m_2,c_7,m_2,0.9539,0.158602
model_981,c_9,m_3,c_11,c_8,0.9581,0.143315
model_982,c_6,c_4,c_1,c_2,0.9747,0.0840349
model_983,c_1,c_12,c_1,c_11,0.9745,0.0815911
model_984,c_6,c_4,m_2,m_3,0.958,0.144391
model_985,c_12,c_5,c_5,m_2,0.973,0.0869166
model_986,c_9,c_12,s,-,0.9693,0.104341
model_987,c_7,c_5,m_1,c_3,0.9586,0.141564
model_988,c_10,c_4,c_12,c_8,0.9744,0.0813993
model_989,m_2,c_3,c_5,c_10,0.9319,0.22387
model_990,m_1,c_5,m_3,c_12,0.9262,0.333313
model_991,c_9,c_2,m_2,c_8,0.9613,0.130057
model_992,c_6,c_4,c_4,c_1,0.9741,0.0801151
model_993,m_1,c_8,c_3,c_5,0.9359,0.211964
model_994,m_2,c_12,m_3,s,0.8742,0.530793
model_995,c_3,c_7,c_2,c_12,0.9725,0.0852606
model_996,c_5,c_10,c_12,c_2,0.9743,0.0809044
model_997,c_4,c_1,c_3,c_8,0.9734,0.0795863
model_998,m_3,c_2,c_12,m_3,0.8349,0.524288
model_999,c_12,m_2,c_4,m_2,0.951,0.167763
model_1000,c_4,m_1,c_6,m_3,0.9476,0.175526
model_1001,c_2,c_12,c_2,c_11,0.9723,0.0862826
model_1002,c_6,c_11,c_10,c_4,0.9704,0.0883721
model_1003,c_12,c_4,c_2,c_6,0.9734,0.0868033
model_1004,c_10,c_3,c_1,c_4,0.9737,0.0849209
model_1005,c_8,m_2,c_5,c_10,0.9511,0.164461
model_1006,c_12,c_4,m_2,c_10,0.9563,0.149529
model_1007,m_1,c_5,c_4,c_1,0.9329,0.219666
model_1008,c_4,c_10,c_2,m_1,0.9744,0.0826427
model_1009,c_1,c_12,c_7,c_11,0.9747,0.081467
model_1010,c_7,m_3,c_7,c_4,0.9145,0.281141
model_1011,c_8,m_1,m_1,c_7,0.9127,0.315666
model_1012,c_11,m_2,c_3,c_1,0.9531,0.160019
model_1013,c_2,c_1,c_3,c_9,0.9735,0.0837241
model_1014,m_3,c_4,s,-,0.8101,0.62372
model_1015,c_8,c_4,c_6,s,0.9732,0.0825979
model_1016,c_4,m_3,c_5,s,0.9255,0.249445
model_1017,c_7,c_6,c_4,c_9,0.9741,0.0841549
model_1018,c_2,c_2,c_5,c_1,0.9725,0.0826686
model_1019,c_4,c_2,c_3,s,0.9738,0.0818698
model_1020,c_8,c_5,s,-,0.97,0.106308
model_1021,c_2,m_3,c_3,c_6,0.9469,0.178403
model_1022,c_6,c_7,c_5,c_1,0.9731,0.0842956
model_1023,c_3,c_7,c_12,m_3,0.9747,0.0832334
model_1024,c_4,m_1,c_10,c_5,0.9495,0.171404
model_1025,c_4,c_12,c_3,c_8,0.974,0.0803533
model_1026,c_6,c_9,c_12,c_9,0.9724,0.0847531
model_1027,c_6,c_5,c_7,c_11,0.9721,0.0838791
model_1028,c_5,c_6,c_3,c_4,0.9749,0.0784225
model_1029,m_2,c_11,m_3,c_12,0.8788,0.566163
model_1030,c_7,c_9,c_7,c_7,0.9742,0.0843004
model_1031,c_5,m_3,c_8,c_5,0.945,0.187035
model_1032,c_2,c_3,c_6,c_1,0.9727,0.0863411
model_1033,c_12,c_8,c_5,c_3,0.9733,0.0851384
model_1034,m_3,c_6,c_1,c_8,0.8333,0.536142
model_1035,c_3,c_1,c_3,c_5,0.973,0.0836089
model_1036,m_1,c_4,m_1,c_1,0.8986,0.383824
model_1037,c_11,c_1,c_3,c_10,0.9736,0.0851142
model_1038,c_8,c_5,s,-,0.967,0.108533
model_1039,c_5,c_11,c_2,m_1,0.9726,0.0868642
model_1040,c_4,c_9,c_3,c_10,0.9731,0.0859579
model_1041,c_12,c_9,c_1,s,0.9721,0.0913765
model_1042,c_4,c_8,c_1,m_3,0.9742,0.0803261
model_1043,m_1,c_6,c_4,c_10,0.9312,0.227733
model_1044,c_10,c_4,m_2,c_11,0.9547,0.149321
model_1045,c_9,c_8,c_9,m_2,0.9705,0.0891884
model_1046,c_5,m_3,c_4,c_6,0.9448,0.191339
model_1047,c_3,c_12,c_4,c_4,0.9716,0.0875763
model_1048,c_1,c_4,c_11,c_1,0.9755,0.081041
model_1049,c_3,c_5,m_1,c_4,0.9608,0.132526
model_1050,c_8,c_12,c_11,c_12,0.9732,0.083131
model_1051,c_8,c_12,m_2,c_4,0.9671,0.113925
model_1052,c_8,c_2,c_8,m_2,0.9731,0.0857774
model_1053,c_4,m_1,c_5,c_6,0.9485,0.175857
model_1054,c_5,c_9,c_7,c_5,0.9736,0.0860703
model_1055,c_3,c_6,m_1,c_9,0.9639,0.129057
model_1056,c_5,c_3,c_11,m_3,0.9717,0.0877152
model_1057,m_1,c_8,c_10,c_6,0.9349,0.214936
model_1058,c_4,c_3,c_8,c_8,0.9744,0.0787192
model_1059,c_8,c_7,m_2,c_7,0.9587,0.141847
model_1060,c_1,c_12,c_7,c_8,0.9722,0.0840272
model_1061,c_6,c_6,c_2,c_8,0.9736,0.0843973
model_1062,c_2,c_2,c_9,s,0.9738,0.0835716
model_1063,c_9,c_5,m_1,m_2,0.9607,0.133565
model_1064,c_8,c_7,c_11,m_2,0.9743,0.0799786
model_1065,c_8,c_3,m_2,c_9,0.9656,0.11882
model_1066,c_12,m_1,c_8,c_10,0.9549,0.15761
model_1067,c_2,c_6,m_3,c_8,0.9701,0.0994713
model_1068,c_8,c_9,m_1,c_3,0.9634,0.127451
model_1069,c_8,c_3,c_5,c_11,0.9735,0.0850316
model_1070,m_1,c_5,s,-,0.9159,0.293358
model_1071,c_12,c_6,c_3,m_1,0.9726,0.0864233
model_1072,c_2,c_10,c_7,c_5,0.9732,0.0828358
model_1073,c_2,c_4,c_12,c_9,0.9726,0.0863042
model_1074,c_5,c_9,m_3,c_5,0.9718,0.100168
model_1075,c_10,c_5,m_3,m_2,0.9656,0.125822
model_1076,c_8,c_12,c_3,c_4,0.9736,0.0836941
model_1077,c_5,m_2,c_4,c_9,0.9505,0.165925
model_1078,c_12,c_9,c_5,m_2,0.9729,0.0869149
model_1079,c_5,c_10,s,-,0.9649,0.114665
model_1080,c_8,c_3,c_2,c_4,0.9726,0.0886685
model_1081,m_1,c_7,c_8,c_11,0.9372,0.207146
model_1082,m_1,c_5,m_3,c_7,0.9246,0.332152
model_1083,c_5,c_3,c_7,c_4,0.9733,0.0853319
model_1084,m_1,c_10,c_8,c_10,0.9384,0.204115
model_1085,c_4,c_7,c_2,c_1,0.973,0.0833346
model_1086,c_1,c_6,c_10,c_7,0.9744,0.0783824
model_1087,c_3,c_7,c_1,m_3,0.9712,0.0923143
model_1088,c_12,m_1,c_12,c_7,0.9529,0.162757
model_1089,c_11,c_3,m_1,c_1,0.9614,0.133422
model_1090,c_10,c_5,c_11,c_1,0.9743,0.079033
model_1091,m_3,c_2,c_6,c_1,0.8344,0.518689
model_1092,m_3,c_5,c_6,c_1,0.8393,0.508623
model_1093,c_5,c_12,c_7,c_9,0.9726,0.0822693
model_1094,c_9,c_5,c_1,c_1,0.9734,0.0840343
model_1095,m_1,c_6,c_1,c_8,0.9347,0.22355
model_1096,c_10,c_9,m_3,c_9,0.9687,0.108625
model_1097,c_9,m_2,s,-,0.9425,0.208359
model_1098,c_12,c_10,c_9,c_4,0.9732,0.0863867
model_1099,c_10,m_2,m_3,c_9,0.7502,1.20433
model_1100,m_3,c_3,c_3,m_2,0.8344,0.513167
model_1101,c_7,c_6,c_1,m_1,0.9739,0.088348
model_1102,c_7,c_3,c_5,c_6,0.9736,0.0832722
model_1103,m_2,c_5,c_9,m_2,0.9345,0.221932
model_1104,c_12,c_5,c_10,c_1,0.9739,0.0806472
model_1105,c_8,m_1,c_11,c_9,0.9527,0.16335
model_1106,c_1,m_1,m_1,c_10,0.894,0.376971
model_1107,c_7,c_9,m_1,c_11,0.9618,0.133397
model_1108,c_12,m_2,c_9,c_11,0.9561,0.153285
model_1109,c_4,c_1,m_2,c_6,0.9568,0.149135
model_1110,c_5,c_2,c_7,c_7,0.9735,0.0826645
model_1111,c_2,c_9,c_1,c_9,0.9731,0.0865388
model_1112,c_7,c_8,c_5,c_7,0.9743,0.0831742
model_1113,m_3,c_5,c_12,c_4,0.8416,0.510166
model_1114,c_8,m_2,c_1,c_1,0.9513,0.167785
model_1115,c_6,c_12,c_6,c_11,0.972,0.0886649
model_1116,c_3,c_8,c_7,c_5,0.9727,0.0864552
model_1117,c_7,c_7,c_12,c_2,0.9745,0.080041
model_1118,c_7,c_6,c_12,c_1,0.974,0.080193
model_1119,c_7,c_3,s,-,0.9679,0.108939
model_1120,c_5,m_3,c_4,c_12,0.931,0.234334
model_1121,c_2,c_9,c_2,c_5,0.975,0.084216
model_1122,c_2,c_5,m_1,c_9,0.9613,0.133378
model_1123,c_2,c_9,c_3,c_8,0.9734,0.0846027
model_1124,c_11,c_8,c_4,c_2,0.9743,0.0846447
model_1125,m_1,c_9,c_11,c_12,0.9343,0.218526
model_1126,c_11,m_3,c_11,c_7,0.9495,0.178872
model_1127,c_7,m_1,c_1,c_3,0.9483,0.173094
model_1128,c_1,c_2,m_3,c_3,0.9674,0.115244
model_1129,c_4,c_7,m_2,c_8,0.9561,0.148678
model_1130,c_7,c_7,m_3,c_10,0.9534,0.165188
model_1131,c_10,c_4,c_12,m_2,0.9732,0.0820505
model_1132,c_4,m_2,s,-,0.9264,0.25917
model_1133,m_2,c_4,c_2,s,0.9354,0.219262
model_1134,c_8,m_3,c_2,c_12,0.9487,0.177123
model_1135,c_7,c_2,m_1,c_2,0.9572,0.145039
model_1136,c_1,m_3,c_9,m_1,0.9317,0.234074
model_1137,c_4,m_2,c_11,m_2,0.9488,0.173903
model_1138,c_12,m_2,c_7,c_3,0.9522,0.165162
model_1139,c_3,c_7,c_3,c_10,0.9727,0.0827604
model_1140,m_3,c_6,m_1,c_5,0.7523,0.829931
model_1141,m_3,c_5,c_9,s,0.8377,0.515298
model_1142,m_2,m_2,c_4,c_12,0.6632,1.0376
model_1143,c_6,m_3,m_3,c_9,0.6829,1.56588
model_1144,m_2,c_1,c_6,m_2,0.9336,0.218875
model_1145,c_12,c_3,c_7,c_10,0.9722,0.0866232
model_1146,c_4,c_3,c_6,c_4,0.9737,0.0822347
model_1147,c_2,m_1,m_2,s,0.9227,0.292167
model_1148,m_3,c_1,c_5,c_10,0.8396,0.504642
model_1149,c_11,c_1,c_5,m_2,0.9728,0.082647
model_1150,c_9,c_6,s,-,0.9669,0.106367
model_1151,c_3,c_2,c_2,c_11,0.9707,0.0879648
model_1152,c_6,c_3,c_4,s,0.9714,0.0857618
model_1153,c_7,c_12,c_11,c_5,0.9726,0.082109
model_1154,c_6,c_8,c_3,s,0.9722,0.0883543
model_1155,c_3,c_12,c_11,c_6,0.9742,0.0808262
model_1156,m_2,c_8,c_2,c_12,0.9319,0.224559
model_1157,c_10,c_5,c_2,c_3,0.9746,0.082929
model_1158,c_7,c_7,c_8,m_3,0.9747,0.080602355
model_1159,c_2,c_7,c_9,c_2,0.9706,0.091446094
model_1160,c_2,c_10,c_4,c_12,0.9748,0.08039793
model_1161,m_1,m_3,m_2,c_12,0.1135,2.3010745
model_1162,c_1,c_6,c_9,c_8,0.9742,0.08174273
model_1163,c_6,m_1,c_2,c_7,0.951,0.16430347
model_1164,m_1,c_7,c_8,s,0.9368,0.21013282
model_1165,c_4,c_7,c_9,c_7,0.9742,0.08384598
model_1166,c_1,c_4,s,-,0.9672,0.113105156
model_1167,c_2,c_10,c_12,c_10,0.9732,0.08103811
model_1168,c_7,c_8,c_10,c_9,0.9757,0.081734866
model_1169,c_2,c_6,c_1,c_4,0.9719,0.08587848
model_1170,c_4,c_6,c_11,c_1,0.9721,0.08402068
model_1171,c_10,c_3,c_5,s,0.9729,0.0880081
model_1172,c_6,c_12,c_4,c_11,0.9735,0.085902356
model_1173,c_2,c_8,c_4,c_4,0.9742,0.08002292
model_1174,c_1,c_7,c_8,c_9,0.9748,0.082190685
model_1175,c_10,m_2,c_10,c_7,0.9474,0.17888848
model_1176,c_3,c_3,c_7,m_3,0.9724,0.089960895
model_1177,c_4,c_3,c_4,m_1,0.9747,0.080231525
model_1178,c_12,c_10,c_9,s,0.9702,0.09020161
model_1179,c_8,m_1,c_11,s,0.9522,0.1627731
model_1180,c_10,c_6,c_6,c_1,0.9734,0.08123226
model_1181,c_5,c_9,c_7,c_10,0.9721,0.0893285
model_1182,m_3,m_1,c_7,m_1,0.5015,1.5682927
model_1183,c_5,c_7,c_8,c_3,0.9717,0.086727485
model_1184,c_10,c_11,c_12,c_2,0.9735,0.08272179
model_1185,c_8,c_11,c_3,c_7,0.975,0.08180261
model_1186,c_4,c_9,c_6,c_7,0.9734,0.08218883
model_1187,c_11,c_8,c_2,c_11,0.9719,0.08588305
model_1188,c_9,c_10,c_3,c_4,0.9719,0.08899738
model_1189,c_10,c_7,c_8,c_5,0.9741,0.07980893
model_1190,c_11,c_4,m_2,c_1,0.9588,0.14354329
model_1191,c_11,c_12,c_11,c_8,0.9709,0.08857046
model_1192,c_10,m_2,c_9,c_8,0.9473,0.17790301
model_1193,c_3,c_7,m_3,c_3,0.9585,0.14292371
model_1194,c_3,c_1,c_12,c_11,0.9722,0.08967493
model_1195,c_12,c_6,c_11,c_12,0.973,0.086648114
model_1196,c_10,c_9,c_6,m_1,0.9721,0.08663866
model_1197,c_12,c_5,c_5,c_6,0.9746,0.08287473
model_1198,c_7,c_6,m_1,c_12,0.9615,0.13506736
model_1199,c_5,c_3,c_12,c_6,0.9754,0.080140226
model_1200,m_3,c_5,c_5,c_5,0.8362,0.52258146
model_1201,c_3,c_4,c_3,m_2,0.9734,0.08353705
model_1202,c_3,m_1,c_8,c_8,0.9546,0.15529391
model_1203,c_4,c_4,c_7,c_6,0.9738,0.08406554
model_1204,c_3,c_10,c_2,c_5,0.9721,0.08939223
model_1205,m_2,c_4,c_2,c_5,0.933,0.21943901
model_1206,c_2,m_3,m_2,s,0.8688,0.6761226
model_1207,c_12,m_2,c_1,c_10,0.9529,0.15940171
model_1208,c_1,c_3,c_6,c_2,0.9747,0.07953754
model_1209,c_10,c_8,c_3,c_11,0.9739,0.082480386
model_1210,c_6,c_10,c_2,c_5,0.972,0.09020039
model_1211,c_3,c_1,c_8,c_3,0.973,0.08399723
model_1212,c_12,c_7,c_9,m_2,0.9741,0.082522586
model_1213,m_1,m_3,c_6,c_7,0.4611,1.6084906
model_1214,c_11,c_8,c_2,c_2,0.9732,0.083118334
model_1215,c_9,m_2,c_7,s,0.9527,0.162953
model_1216,c_6,m_2,c_12,c_12,0.9557,0.14924467
model_1217,c_2,c_4,m_3,c_8,0.9568,0.14900686
model_1218,m_1,c_11,m_2,c_6,0.9256,0.29419962
model_1219,c_7,c_9,c_1,s,0.9738,0.08269293
model_1220,c_11,m_3,c_5,s,0.9458,0.18839622
model_1221,c_11,c_11,m_1,c_7,0.9604,0.13207324
model_1222,c_12,c_12,c_6,c_1,0.9735,0.08211214
model_1223,c_4,c_12,c_7,c_7,0.9753,0.07943852
model_1224,m_3,c_12,c_10,m_3,0.8216,0.55385154
model_1225,c_6,m_1,c_11,c_3,0.9541,0.15793031
model_1226,c_9,c_4,c_3,c_6,0.9727,0.08650421
model_1227,c_3,c_6,c_5,c_11,0.9696,0.09199488
model_1228,m_3,c_10,m_3,c_4,0.6048,1.9288974
model_1229,c_6,c_8,c_7,c_4,0.9737,0.08393613
model_1230,c_8,c_10,m_2,c_1,0.9583,0.14429162
model_1231,c_4,c_2,c_8,c_1,0.9746,0.082453564
model_1232,c_10,c_1,c_10,m_3,0.9745,0.08022752
model_1233,c_2,c_5,c_4,m_2,0.9741,0.084424205
model_1234,m_1,m_2,c_12,c_5,0.7089,0.93978846
model_1235,c_7,m_3,c_8,c_6,0.9303,0.23746821
model_1236,c_7,c_10,c_1,c_3,0.9735,0.081301495
model_1237,m_3,c_9,c_7,c_1,0.8263,0.5487324
model_1238,c_11,c_11,m_2,c_11,0.9626,0.13006398
model_1239,m_3,c_11,m_3,c_2,0.6521,1.6835726
model_1240,c_6,c_7,c_6,c_8,0.9688,0.092190504
model_1241,c_4,c_5,c_2,c_3,0.9753,0.08169414
model_1242,m_3,c_5,c_7,m_2,0.8326,0.5339957
model_1243,c_3,c_11,c_12,c_12,0.9713,0.09160136
model_1244,m_1,c_4,c_6,c_10,0.9357,0.20869567
model_1245,c_8,c_10,c_2,c_9,0.9729,0.08580268
model_1246,c_4,c_6,c_1,c_5,0.9749,0.080316916
model_1247,m_3,c_10,c_2,c_1,0.8275,0.53463435
model_1248,c_11,m_3,c_11,c_5,0.9499,0.17457834
model_1249,m_2,c_2,m_1,c_12,0.8951,0.38321644
model_1250,c_10,c_3,c_12,c_1,0.9728,0.082864635
model_1251,c_5,c_2,c_5,c_7,0.9729,0.08332675
model_1252,c_8,c_12,c_7,m_3,0.9738,0.084092505
model_1253,c_3,c_1,c_2,c_4,0.9731,0.08317479
model_1254,c_4,c_2,m_2,c_3,0.9601,0.13540074
model_1255,m_1,c_4,c_8,c_4,0.9395,0.20441994
model_1256,c_11,m_1,m_1,m_1,0.9139,0.31474072
model_1257,c_5,c_5,c_5,c_2,0.9736,0.08317389
model_1258,c_1,c_6,m_1,c_1,0.9606,0.14085683
model_1259,c_2,m_3,c_10,c_6,0.9482,0.18029127
model_1260,m_3,c_3,c_2,c_4,0.8359,0.52013075
model_1261,c_11,c_9,c_5,c_4,0.9726,0.0872607
model_1262,m_2,m_1,m_1,c_10,0.3448,1.9882418
model_1263,m_3,c_2,c_6,c_4,0.8347,0.52257574
model_1264,c_4,c_2,m_2,c_1,0.9596,0.1430941
model_1265,c_5,c_1,m_2,c_5,0.9581,0.14592916
model_1266,m_1,c_1,c_11,c_2,0.9393,0.20400089
model_1267,c_3,c_6,s,-,0.969,0.10180386
model_1268,m_1,c_2,c_10,c_6,0.9329,0.2204684
model_1269,c_2,m_1,c_12,c_9,0.9518,0.16121982
model_1270,m_3,c_5,c_9,c_11,0.8325,0.525059
model_1271,m_3,c_2,c_9,c_9,0.8361,0.51701045
model_1272,c_12,c_8,c_4,c_10,0.9733,0.08188322
model_1273,c_8,c_10,c_10,c_3,0.9747,0.080377884
model_1274,c_2,c_9,c_7,c_11,0.9731,0.083117105
model_1275,c_12,m_3,c_10,c_11,0.9507,0.1650663
model_1276,m_3,c_12,c_10,c_2,0.8183,0.5659062
model_1277,c_12,c_4,c_5,c_11,0.9733,0.08524665
model_1278,c_8,c_2,c_3,c_4,0.9738,0.08274745
model_1279,c_12,c_12,m_3,c_1,0.971,0.10022621
model_1280,m_1,c_12,s,-,0.9109,0.30395237
model_1281,c_11,m_3,c_1,s,0.9498,0.17522217
model_1282,c_12,c_9,c_2,s,0.9729,0.08438235
model_1283,c_2,c_5,c_2,c_12,0.9718,0.08600055
model_1284,c_1,c_10,m_3,c_2,0.9526,0.16483419
model_1285,c_1,c_5,c_2,c_4,0.972,0.0883132
model_1286,c_12,c_5,c_5,m_3,0.9735,0.08400287
model_1287,m_3,c_4,c_3,c_11,0.8387,0.5088424
model_1288,m_1,m_2,c_9,c_12,0.7055,0.957759
model_1289,c_5,c_11,c_2,c_8,0.9742,0.081613846
model_1290,c_3,c_6,c_9,c_12,0.9711,0.08841689
model_1291,c_11,c_1,c_10,m_3,0.9728,0.08565759
model_1292,m_1,m_3,c_5,c_11,0.4437,1.6183499
model_1293,c_5,c_6,c_5,c_5,0.974,0.08541008
model_1294,m_3,c_12,c_9,c_7,0.8327,0.52475184
model_1295,m_1,m_2,c_11,c_7,0.7123,0.9396809
model_1296,m_2,c_7,m_1,m_2,0.8845,0.4176574
model_1297,c_9,c_3,c_5,c_7,0.9732,0.085350685
model_1298,m_1,m_1,m_2,m_2,0.2912,2.058315
model_1299,c_12,c_1,m_2,m_1,0.957,0.14584671
model_1300,c_11,c_1,m_1,c_8,0.9573,0.14689954
model_1301,c_3,c_8,c_4,c_10,0.973,0.08439963
model_1302,m_2,m_1,c_10,c_3,0.7524,0.82451427
model_1303,c_5,c_9,m_2,c_2,0.9638,0.12199269
model_1304,c_7,c_8,c_8,c_4,0.9735,0.08139307
model_1305,c_12,m_1,c_6,c_4,0.953,0.16567114
model_1306,c_3,c_7,m_3,s,0.9609,0.13553368
model_1307,c_2,c_4,s,-,0.9683,0.11065125
model_1308,m_1,c_8,c_9,s,0.9371,0.20743105
model_1309,c_1,c_4,c_1,m_1,0.9742,0.08341076
model_1310,c_8,c_6,c_7,c_11,0.974,0.08326577
model_1311,c_2,c_12,c_9,c_11,0.9705,0.092513576
model_1312,c_2,m_2,m_3,c_6,0.8771,0.66654396
model_1313,c_11,c_3,c_5,c_6,0.9724,0.08364298
model_1314,c_11,c_11,c_12,c_5,0.9729,0.08726078
model_1315,m_3,c_5,m_3,m_3,0.6037,1.8154438
model_1316,m_2,c_6,c_2,c_3,0.9309,0.22779684
model_1317,c_9,c_12,c_4,c_12,0.9729,0.089124754
model_1318,c_1,c_11,s,-,0.9686,0.10688026
model_1319,m_3,c_1,c_11,m_3,0.8442,0.49939907
model_1320,m_3,m_3,c_11,c_12,0.1135,2.301051
model_1321,c_10,m_1,c_2,c_3,0.9496,0.1714868
model_1322,c_3,c_9,c_10,c_10,0.9742,0.08283269
model_1323,m_1,c_9,c_10,m_2,0.9327,0.2264215
model_1324,c_5,c_10,c_6,c_3,0.9747,0.08366957
model_1325,c_10,c_5,c_1,m_3,0.9743,0.08221059
model_1326,c_7,m_3,c_7,c_6,0.9241,0.25602588
model_1327,c_11,c_6,c_9,c_3,0.9733,0.08491731
model_1328,c_5,c_1,m_1,c_10,0.9572,0.14285806
model_1329,c_9,c_12,c_4,c_10,0.9728,0.08889967
model_1330,c_11,c_2,c_1,c_5,0.9713,0.092546314
model_1331,c_2,c_4,m_2,c_6,0.9538,0.15530132
model_1332,c_7,c_10,c_1,m_2,0.9739,0.08259409
model_1333,c_1,c_2,c_1,c_10,0.9739,0.08157531
model_1334,c_6,m_3,m_1,c_6,0.9363,0.27536008
model_1335,c_4,c_7,c_3,s,0.9745,0.08237793
model_1336,m_2,c_11,c_6,m_2,0.9331,0.22222477
model_1337,c_3,c_11,c_3,m_1,0.9708,0.09128893
model_1338,c_8,c_9,c_10,m_1,0.9752,0.07697353
model_1339,c_6,m_2,c_7,m_1,0.9545,0.15644884
model_1340,c_3,c_3,c_12,c_4,0.9735,0.08498648
model_1341,c_12,m_1,m_3,c_10,0.938,0.26430142
model_1342,c_2,c_2,c_4,c_7,0.974,0.08158243
model_1343,m_3,c_11,c_4,m_1,0.8301,0.53468704
model_1344,m_1,c_10,m_2,c_10,0.9119,0.34715965
model_1345,c_9,m_3,c_2,c_1,0.9563,0.14849441
model_1346,c_11,c_12,c_3,s,0.9717,0.08546096
model_1347,c_1,m_1,c_3,c_3,0.9485,0.16995664
model_1348,c_10,c_3,c_10,c_7,0.9713,0.08889612
model_1349,c_7,c_12,m_3,c_10,0.9712,0.09692582
model_1350,c_9,c_1,m_3,c_1,0.9647,0.12424473
model_1351,c_9,c_9,c_7,c_6,0.972,0.08668134
model_1352,c_8,c_5,c_8,s,0.9733,0.082551494
model_1353,m_3,c_3,c_5,c_1,0.8376,0.51559836
model_1354,c_7,c_10,c_9,c_10,0.9734,0.08470489
model_1355,c_12,c_9,c_9,s,0.9719,0.085910946
model_1356,c_5,c_2,c_1,c_2,0.9726,0.0823616
model_1357,c_4,c_1,c_12,c_2,0.9736,0.07765799
model_1358,c_7,c_4,c_10,c_10,0.9736,0.07930725
model_1359,c_10,c_10,c_2,c_12,0.9739,0.08133375
model_1360,c_1,c_11,c_3,m_2,0.9722,0.08423022
model_1361,c_10,c_9,c_5,c_10,0.9745,0.08281582
model_1362,m_3,c_5,c_9,c_4,0.8313,0.5246601
model_1363,c_10,c_7,c_2,c_7,0.9743,0.08337393
model_1364,c_1,m_2,c_11,c_9,0.9461,0.17984147
model_1365,c_12,c_6,m_1,c_1,0.9616,0.13147672
model_1366,c_11,c_3,c_7,c_6,0.9736,0.08480445
model_1367,m_1,c_12,c_6,c_3,0.9357,0.21607764
model_1368,c_12,c_12,m_3,c_12,0.97,0.10299735
model_1369,c_8,c_9,c_10,c_11,0.9728,0.08749291
model_1370,m_2,m_3,c_4,c_8,0.2804,1.9999667
model_1371,c_2,c_1,c_2,c_7,0.9735,0.08364543
model_1372,c_1,c_10,c_1,c_7,0.975,0.08219833
model_1373,c_10,c_8,c_7,c_6,0.9739,0.08171649
model_1374,c_4,m_2,c_1,m_3,0.9453,0.18320322
model_1375,c_10,c_10,c_8,c_4,0.9749,0.08117465
model_1376,c_4,c_3,c_6,s,0.9737,0.083855055
model_1377,m_1,c_3,m_3,c_6,0.9273,0.32165644
model_1378,c_11,c_10,m_1,c_2,0.9591,0.14013144
model_1379,c_6,c_12,c_1,c_5,0.9704,0.090574406
model_1380,c_5,m_3,m_1,c_7,0.9027,0.41618034
model_1381,c_7,c_10,m_2,c_8,0.958,0.14546975
model_1382,c_2,c_3,c_10,c_5,0.9735,0.08613517
model_1383,m_3,c_8,c_10,c_4,0.8352,0.5261481
model_1384,c_3,c_10,c_5,c_10,0.9713,0.08583083
model_1385,c_2,c_12,c_5,c_11,0.9739,0.082854405
model_1386,c_12,c_1,c_3,c_1,0.9724,0.0850206
model_1387,c_8,c_6,c_5,c_12,0.9715,0.09310931
model_1388,c_7,c_4,c_12,c_11,0.9736,0.08402198
model_1389,c_9,c_9,c_3,c_9,0.9732,0.086731836
model_1390,c_5,c_9,c_8,c_1,0.9731,0.0814484
model_1391,c_7,c_12,m_2,c_8,0.9673,0.11419965
model_1392,c_2,m_3,c_2,m_3,0.9415,0.20013407
model_1393,c_10,c_3,c_11,c_7,0.9734,0.08278527
model_1394,c_9,c_1,m_3,s,0.9592,0.14676592
model_1395,c_12,c_9,c_7,m_2,0.9738,0.085109375
model_1396,c_1,c_6,m_3,c_5,0.9694,0.102686435
model_1397,c_10,c_11,c_3,m_2,0.9737,0.083690666
model_1398,c_12,c_6,c_11,c_6,0.9717,0.0871901
model_1399,c_9,c_8,c_4,m_1,0.9722,0.088086784
model_1400,c_11,c_6,m_2,c_7,0.9652,0.1213434
model_1401,c_12,m_1,m_1,c_10,0.9285,0.2659988
model_1402,c_1,c_12,c_8,c_2,0.9727,0.087601684
model_1403,m_3,c_11,m_2,c_8,0.7411,1.0379404
model_1404,c_7,c_12,c_12,m_1,0.9727,0.083734706
model_1405,c_8,c_5,m_1,c_6,0.9597,0.13493973
model_1406,c_9,c_5,c_11,c_12,0.9723,0.08394297
model_1407,m_3,c_5,m_2,c_8,0.7437,1.0488076
model_1408,c_2,m_3,c_6,c_8,0.942,0.19637562
model_1409,c_5,c_4,m_2,c_10,0.9602,0.13970728
model_1410,c_8,c_5,c_12,c_12,0.9741,0.08101567
model_1411,c_8,c_9,c_4,c_6,0.9733,0.08228444
model_1412,m_2,c_1,m_2,m_1,0.8931,0.40959263
model_1413,c_3,c_4,c_7,c_10,0.9718,0.08670776
model_1414,c_10,m_2,m_3,c_4,0.731,1.1802701
model_1415,c_12,c_4,c_1,c_8,0.9733,0.0890953
model_1416,c_3,c_9,c_11,c_6,0.9707,0.09138004
model_1417,c_10,c_6,c_3,m_1,0.9737,0.08311896
model_1418,c_11,c_6,c_6,c_4,0.9733,0.08542946
model_1419,c_3,c_3,c_4,c_8,0.9733,0.0832596
model_1420,c_7,c_4,c_5,c_10,0.974,0.080873944
model_1421,m_2,c_1,m_3,s,0.8165,0.90679604
model_1422,c_4,c_6,c_11,c_11,0.9742,0.08026242
model_1423,c_11,c_5,c_5,s,0.9741,0.08373105
model_1424,c_3,c_11,c_3,c_12,0.9729,0.08567225
model_1425,c_9,c_1,c_12,c_6,0.9734,0.084283315
model_1426,c_1,c_11,c_8,m_3,0.9737,0.084298216
model_1427,c_10,m_2,c_3,s,0.9465,0.18188454
model_1428,m_2,m_3,c_6,c_8,0.2779,2.0187383
model_1429,c_4,c_10,c_8,m_3,0.9762,0.08101152
model_1430,c_6,c_6,c_12,c_4,0.9731,0.08137472
model_1431,c_7,m_1,m_2,c_7,0.8944,0.3968826
model_1432,m_2,m_2,m_3,c_10,0.1135,2.301061
model_1433,c_9,c_2,c_12,c_4,0.9726,0.08785199
model_1434,c_5,c_3,c_5,s,0.9731,0.087541215
model_1435,c_3,c_1,c_5,s,0.9726,0.09107248
model_1436,c_5,c_6,c_5,m_3,0.9714,0.087838285
model_1437,c_3,c_2,c_10,c_2,0.9676,0.09811917
model_1438,c_8,m_3,c_5,c_8,0.9428,0.19662537
model_1439,c_12,c_10,c_3,s,0.9726,0.08867678
model_1440,m_2,m_2,m_1,c_6,0.3314,2.0230963
model_1441,c_1,c_10,c_2,c_8,0.9754,0.07886561
model_1442,c_10,c_4,c_7,m_2,0.9726,0.08510172
model_1443,c_8,c_11,m_2,c_6,0.9631,0.12645362
model_1444,c_11,m_1,c_8,c_7,0.9512,0.16554876
model_1445,c_5,c_1,c_8,c_6,0.9737,0.08382352
model_1446,m_1,c_10,c_9,c_5,0.9361,0.20456128
model_1447,c_10,c_3,c_3,m_2,0.9731,0.083312064
model_1448,m_3,c_8,m_3,m_1,0.6058,1.6449603
model_1449,c_6,m_3,m_1,c_2,0.9381,0.27354026
model_1450,c_10,c_9,c_11,c_9,0.9737,0.083162874
model_1451,c_4,c_10,c_11,c_11,0.9729,0.08586804
model_1452,m_1,c_7,c_6,c_12,0.9361,0.20738287
model_1453,c_4,m_2,m_3,c_9,0.756,1.1707262
model_1454,c_11,c_6,c_10,c_6,0.9743,0.08234431
model_1455,c_7,c_11,c_6,s,0.9732,0.08489217
model_1456,c_9,c_2,c_11,c_12,0.9735,0.082336344
model_1457,c_8,c_1,m_3,c_9,0.9555,0.15405053
model_1458,m_3,c_1,s,-,0.8128,0.62617207
model_1459,c_12,c_7,m_1,m_1,0.9598,0.13790686
model_1460,c_4,c_4,c_12,c_10,0.9751,0.08211253
model_1461,c_6,c_12,c_12,c_5,0.974,0.08350994
model_1462,m_1,c_1,m_2,c_9,0.9143,0.34313196
model_1463,c_3,c_12,m_1,c_12,0.9633,0.12657858
model_1464,c_8,c_2,c_10,c_7,0.9746,0.07843902
model_1465,c_4,c_8,m_1,m_3,0.961,0.13901128
model_1466,m_2,c_5,c_11,c_1,0.9339,0.22108825
model_1467,c_4,m_1,c_7,m_2,0.9484,0.17440034
model_1468,c_5,m_1,c_5,c_3,0.9507,0.16471267
model_1469,c_6,c_3,s,-,0.9687,0.10430087
model_1470,c_9,c_7,m_2,c_3,0.9584,0.13984002
model_1471,c_7,c_11,m_3,c_3,0.9646,0.12382283
model_1472,c_11,m_3,c_4,c_12,0.9513,0.17025225
model_1473,c_3,c_12,c_2,c_5,0.9727,0.08488363
model_1474,c_9,m_1,c_2,c_10,0.9502,0.16483633
model_1475,c_8,m_3,c_8,c_7,0.9405,0.20250899
model_1476,m_2,c_8,c_5,c_3,0.9323,0.22307855
model_1477,c_7,c_10,c_8,c_1,0.9743,0.08368587
model_1478,m_1,c_11,c_8,c_11,0.9338,0.21319304
model_1479,m_3,c_8,c_2,c_12,0.8323,0.5345598
model_1480,c_9,c_6,c_12,m_1,0.9735,0.08667367
model_1481,c_9,c_4,m_3,m_2,0.9625,0.13026167
model_1482,m_1,c_1,c_12,c_8,0.9391,0.20492056
model_1483,m_1,c_7,c_1,c_6,0.9358,0.21403573
model_1484,c_8,c_6,c_1,m_2,0.973,0.08530383
model_1485,c_8,m_2,m_1,c_7,0.9197,0.30748248
model_1486,c_8,m_2,c_4,c_7,0.9493,0.16850205
model_1487,c_6,c_2,c_7,c_7,0.9745,0.08202185
model_1488,c_2,c_12,c_3,c_7,0.9728,0.08896521
model_1489,m_2,c_1,c_7,c_1,0.9284,0.22772315
model_1490,c_3,c_6,c_11,c_2,0.9727,0.08649108
model_1491,c_2,m_2,c_5,c_3,0.9513,0.16714557
model_1492,c_7,c_3,c_10,c_4,0.9737,0.083986096
model_1493,c_3,c_12,m_1,c_10,0.9625,0.12794381
model_1494,c_12,c_3,c_9,c_10,0.9726,0.08742517
model_1495,c_11,m_3,m_1,c_6,0.9191,0.3531164
model_1496,c_8,c_7,c_9,c_11,0.9727,0.08312757
model_1497,c_2,c_7,c_9,c_3,0.9736,0.08328183
model_1498,c_10,c_8,m_2,m_1,0.9621,0.13438375
model_1499,c_1,m_1,c_11,c_12,0.9512,0.16368318
model_1500,c_2,m_2,c_3,c_7,0.9528,0.1651696
model_1501,c_5,c_7,c_8,c_12,0.9736,0.08407517
model_1502,c_3,c_7,c_6,s,0.9726,0.08830339
model_1503,c_9,m_3,c_3,c_1,0.9561,0.15019356
model_1504,m_1,m_3,c_5,m_1,0.5465,1.4650495
model_1505,c_6,m_3,c_2,c_3,0.9535,0.15370226
model_1506,c_5,m_2,c_11,c_8,0.9532,0.16247967
model_1507,c_7,m_1,c_6,c_1,0.9481,0.17766535
model_1508,m_1,c_4,c_8,c_2,0.9377,0.20578517
model_1509,c_12,c_4,c_10,c_11,0.9719,0.08578139
model_1510,c_7,c_4,c_3,c_11,0.9752,0.078866094
model_1511,c_7,c_8,c_7,s,0.9736,0.08258336
model_1512,c_6,c_2,m_2,c_8,0.9632,0.12917203
model_1513,c_6,c_5,c_3,m_2,0.9718,0.08668682
model_1514,m_2,m_1,c_6,c_10,0.7628,0.7787853
model_1515,c_1,c_6,c_7,c_5,0.9731,0.081831746
model_1516,c_5,m_3,s,-,0.9328,0.2442344
model_1517,c_5,m_2,c_12,m_3,0.9523,0.16051617
model_1518,c_5,c_11,c_10,s,0.9748,0.08153584
model_1519,m_2,c_4,c_11,c_12,0.9367,0.21247898
model_1520,c_1,c_12,c_2,m_3,0.9731,0.08511697
model_1521,c_10,c_2,c_3,s,0.9741,0.0822958
model_1522,c_3,c_11,m_1,c_3,0.9619,0.13217217
model_1523,c_12,c_3,c_11,c_2,0.9738,0.08217084
model_1524,c_5,c_5,c_10,m_3,0.9729,0.08783825
model_1525,c_12,c_10,c_5,c_4,0.9729,0.08649655
model_1526,c_9,c_10,c_7,m_1,0.9742,0.08095464
model_1527,m_1,c_1,c_2,c_3,0.9361,0.21020667
model_1528,c_10,c_11,m_2,m_2,0.9615,0.13124192
model_1529,c_5,c_6,c_2,c_11,0.9734,0.087059125
model_1530,c_7,c_11,c_7,c_11,0.9744,0.07916089
model_1531,m_2,m_3,c_8,c_5,0.5261,1.4750612
model_1532,c_10,c_7,c_8,c_8,0.9755,0.07662495
model_1533,c_8,c_8,c_6,m_2,0.9734,0.08143324
model_1534,c_5,c_3,c_2,c_5,0.9732,0.08436016
model_1535,c_6,c_11,s,-,0.9674,0.10909785
model_1536,m_2,c_4,c_4,c_6,0.9326,0.22240853
model_1537,m_1,c_5,m_2,c_10,0.926,0.27748358
model_1538,c_5,m_3,c_8,c_3,0.9494,0.1738207
model_1539,c_4,c_6,m_2,m_2,0.9668,0.1165289
model_1540,c_5,c_10,c_8,c_4,0.9746,0.083272226
model_1541,c_6,c_7,c_4,c_5,0.9714,0.08774247
model_1542,c_6,c_9,c_5,c_12,0.974,0.08280065
model_1543,c_3,c_9,c_9,s,0.9737,0.083790146
model_1544,c_5,m_3,s,-,0.9419,0.22282438
model_1545,c_5,c_6,c_2,c_6,0.9723,0.083759904
model_1546,c_11,m_3,c_5,m_2,0.939,0.20577554
model_1547,c_2,c_1,c_3,c_6,0.9723,0.087436505
model_1548,c_3,m_2,m_3,c_7,0.9329,0.2742004
model_1549,m_3,c_5,c_12,m_1,0.8583,0.45401895
model_1550,c_8,c_10,c_1,c_11,0.9734,0.08317586
model_1551,c_4,c_9,s,-,0.9671,0.112372
model_1552,c_2,c_4,m_1,c_10,0.9576,0.14615357
model_1553,c_4,c_6,c_10,c_7,0.9736,0.0860069
model_1554,c_3,c_12,c_5,m_2,0.9733,0.08270196
model_1555,c_7,c_12,m_3,c_7,0.9715,0.09851351
model_1556,c_4,c_6,c_4,c_5,0.9735,0.08524179
model_1557,c_11,c_11,c_5,c_6,0.9736,0.084417455
model_1558,c_1,c_2,c_3,c_8,0.9755,0.07883136
model_1559,c_3,c_9,m_2,c_12,0.9653,0.11831972
model_1560,c_7,c_3,c_5,m_2,0.972,0.08595362
model_1561,c_9,c_10,c_9,s,0.9723,0.090089835
model_1562,c_3,m_3,c_3,c_8,0.9559,0.15558991
model_1563,c_11,c_1,c_12,c_5,0.9732,0.08051867
model_1564,c_7,c_7,c_10,c_12,0.9746,0.07973273
model_1565,c_3,c_11,c_1,c_10,0.9741,0.084809825
model_1566,c_3,c_3,c_1,m_2,0.9725,0.08732025
model_1567,c_8,c_4,c_1,c_1,0.9724,0.08501497
model_1568,c_12,c_7,m_1,c_1,0.9575,0.14282405
model_1569,m_1,c_2,c_3,c_6,0.9357,0.20677628
model_1570,m_2,c_11,c_5,c_4,0.9294,0.22502412
model_1571,c_10,c_1,c_4,c_12,0.9744,0.08336847
model_1572,c_7,c_9,s,-,0.9683,0.10669461
model_1573,c_6,c_6,c_2,c_2,0.9752,0.080408126
model_1574,m_2,c_7,c_10,c_6,0.9349,0.21301743
model_1575,c_7,m_1,m_2,c_11,0.8816,0.4322435
model_1576,c_3,c_6,c_12,c_2,0.9735,0.08481449
model_1577,c_12,m_2,c_10,c_3,0.9496,0.1653774
model_1578,c_1,m_2,m_1,c_6,0.8955,0.37756148
model_1579,c_7,m_1,m_1,c_4,0.8944,0.37557343
model_1580,c_5,c_7,c_5,c_5,0.975,0.07991928
model_1581,c_5,c_11,c_3,m_3,0.9731,0.08145891
model_1582,c_6,c_3,c_1,c_8,0.9743,0.08408748
model_1583,c_8,c_2,c_3,c_11,0.9717,0.085126705
model_1584,c_7,m_1,c_10,c_9,0.9491,0.17183271
model_1585,c_2,c_5,c_10,c_5,0.9732,0.08307939
model_1586,c_10,m_2,c_3,c_8,0.9474,0.17615812
model_1587,c_10,c_5,c_12,m_1,0.9744,0.080681935
model_1588,c_12,c_11,c_1,c_10,0.9721,0.08445093
model_1589,c_10,c_10,c_2,c_11,0.9738,0.08205193
model_1590,c_1,c_1,c_8,c_1,0.9743,0.08315593
model_1591,c_2,c_5,c_5,c_6,0.9715,0.08863635
model_1592,m_3,c_9,c_2,c_10,0.8551,0.4686392
model_1593,c_2,m_1,c_8,c_1,0.9518,0.16088904
model_1594,m_3,m_1,c_10,c_6,0.6141,1.2031898
model_1595,c_2,m_1,c_3,c_5,0.9526,0.16133812
model_1596,c_7,m_1,c_7,c_2,0.9502,0.1722195
model_1597,m_3,c_12,c_6,c_1,0.8621,0.44972706
model_1598,c_3,c_3,c_7,c_11,0.9726,0.087162025
model_1599,c_10,c_1,c_4,c_2,0.9754,0.081914425
model_1600,c_10,c_5,c_11,c_5,0.9743,0.080547534
model_1601,m_1,c_2,c_12,c_12,0.9375,0.20843658
model_1602,c_9,c_1,c_11,c_5,0.9732,0.08372092
model_1603,c_3,c_1,m_1,c_8,0.9579,0.14265476
model_1604,c_10,c_4,c_12,m_1,0.9747,0.079735756
model_1605,c_9,c_1,c_6,c_11,0.9739,0.086843535
model_1606,m_1,c_1,c_10,c_10,0.9367,0.21014762
model_1607,m_2,c_5,c_1,c_4,0.9299,0.23101597
model_1608,m_3,c_5,m_2,m_2,0.8056,0.6891957
model_1609,m_1,c_6,c_4,c_12,0.9332,0.2220072
model_1610,c_8,m_3,c_10,c_6,0.9413,0.19899015
model_1611,c_6,c_1,c_11,c_9,0.9716,0.08687584
model_1612,m_1,m_2,c_1,m_1,0.7429,0.82745266
model_1613,c_5,m_3,c_4,m_1,0.9269,0.24479538
model_1614,c_6,c_2,c_4,c_5,0.9731,0.08718508
model_1615,m_1,m_2,c_1,c_11,0.7375,0.84568256
model_1616,c_10,c_6,c_4,m_1,0.9734,0.08256581
model_1617,c_5,c_9,c_2,c_4,0.9738,0.08432372
model_1618,m_3,c_4,c_11,c_2,0.8627,0.4486125
model_1619,c_7,m_2,c_9,c_6,0.9492,0.16743924
model_1620,c_6,c_5,m_3,c_2,0.9655,0.11784951
model_1621,c_9,m_3,c_9,c_4,0.9585,0.13988335
model_1622,c_1,c_7,m_1,c_11,0.9578,0.14708722
model_1623,c_9,c_4,c_10,m_3,0.9732,0.084046826
model_1624,c_10,c_4,c_10,c_8,0.9741,0.08552779
model_1625,c_5,c_4,c_5,c_4,0.9738,0.08540418
model_1626,c_7,c_8,c_2,c_10,0.9728,0.08535584
model_1627,c_8,c_2,m_3,m_3,0.9606,0.13198474
model_1628,c_5,c_2,c_7,c_1,0.9747,0.08137698
model_1629,c_5,c_6,m_1,c_6,0.9631,0.12955935
model_1630,c_4,m_1,c_1,c_3,0.9479,0.173392
model_1631,c_2,c_11,c_5,c_3,0.973,0.08587438
model_1632,c_6,c_1,c_5,c_8,0.9722,0.084707975
model_1633,c_12,c_9,c_6,c_1,0.9715,0.08959804
model_1634,c_10,c_10,m_1,m_2,0.9574,0.1500188
model_1635,c_8,c_10,c_7,c_7,0.9735,0.08296223
model_1636,m_1,c_3,c_7,c_10,0.9332,0.22514136
model_1637,c_10,c_1,m_3,m_2,0.9433,0.18869016
model_1638,c_5,c_10,c_11,c_3,0.9749,0.08054505
model_1639,m_2,c_5,m_1,c_9,0.9022,0.3592497
model_1640,c_6,c_3,c_3,c_3,0.9739,0.08270799
model_1641,m_3,m_2,c_12,m_2,0.5251,1.492882
model_1642,m_1,c_1,m_3,c_7,0.8902,0.46821222
model_1643,c_5,m_3,m_3,c_3,0.86,0.54360694
model_1644,c_2,c_9,c_8,c_5,0.9732,0.08399822
model_1645,c_8,c_6,c_9,c_2,0.9703,0.09199984
model_1646,c_3,c_11,m_1,c_5,0.9599,0.13335282
model_1647,c_5,c_7,c_7,c_7,0.9742,0.083405964
model_1648,c_7,c_8,c_3,c_2,0.9744,0.07885455
model_1649,c_6,c_3,c_4,c_12,0.9726,0.08569293
model_1650,c_4,c_9,c_1,c_11,0.9732,0.08667268
model_1651,m_1,c_6,c_4,s,0.9357,0.21612865
model_1652,c_9,c_3,c_3,c_2,0.9745,0.08460763
model_1653,c_10,c_6,m_3,c_11,0.9697,0.10437312
model_1654,c_2,c_2,c_7,c_6,0.9745,0.0816857
model_1655,c_2,c_3,c_1,c_11,0.9724,0.08750208
model_1656,m_3,m_1,c_3,c_3,0.6076,1.1976118
model_1657,c_7,c_2,c_6,m_3,0.9738,0.08419648
model_1658,m_1,c_4,c_4,c_2,0.9357,0.20857877
model_1659,c_3,c_6,c_11,c_6,0.9737,0.080228314
model_1660,c_9,c_3,c_10,c_7,0.9713,0.08697991
model_1661,c_7,m_1,c_10,c_8,0.9489,0.1723878
model_1662,c_3,c_11,c_1,c_5,0.9731,0.08831583
model_1663,c_3,c_8,c_12,s,0.9709,0.08777678
model_1664,c_5,c_4,c_8,c_1,0.975,0.08064735
model_1665,c_12,c_8,c_7,c_11,0.9728,0.08433585
model_1666,c_4,c_1,m_2,c_3,0.955,0.15338215
model_1667,c_3,c_9,c_9,c_1,0.9712,0.090402834
model_1668,c_3,c_12,m_3,m_2,0.9713,0.10115947
model_1669,m_2,c_4,c_11,c_3,0.9315,0.2217271
model_1670,c_2,m_3,c_5,m_3,0.9428,0.19637407
model_1671,c_5,c_5,c_1,c_2,0.9732,0.08539513
model_1672,m_2,c_4,c_10,c_5,0.9353,0.2142513
model_1673,c_5,c_10,c_6,c_9,0.9742,0.07870256
model_1674,c_6,c_4,m_1,c_5,0.96,0.14165229
model_1675,c_10,c_3,c_6,m_1,0.9717,0.08861369
model_1676,c_4,c_3,c_9,c_1,0.9726,0.083725795
model_1677,c_6,c_2,s,-,0.9682,0.10751917
model_1678,c_5,c_11,c_7,c_4,0.9759,0.08239954
model_1679,c_4,m_3,m_1,c_11,0.8422,0.5803636
model_1680,c_9,c_1,c_4,c_8,0.9728,0.089062616
model_1681,c_7,m_1,s,-,0.9282,0.254368
model_1682,m_1,m_2,c_10,m_2,0.7373,0.83730894
model_1683,c_4,c_1,c_12,c_1,0.9729,0.08736573
model_1684,c_11,c_11,c_5,c_9,0.9737,0.081806235
model_1685,m_3,c_8,c_8,c_11,0.8576,0.4552792
model_1686,c_8,c_9,c_11,c_3,0.9726,0.0823708
model_1687,c_3,c_12,c_8,c_7,0.9728,0.08370296
model_1688,c_3,c_3,s,-,0.9688,0.10618369
model_1689,c_5,c_1,c_10,c_5,0.9719,0.0854448
model_1690,c_11,c_1,c_12,c_1,0.9706,0.09074917
model_1691,c_4,m_2,c_9,s,0.9486,0.17444974
model_1692,c_10,c_5,c_4,c_2,0.9747,0.08322796
model_1693,c_6,c_10,m_3,c_11,0.9587,0.14113516
model_1694,c_7,c_6,c_1,c_11,0.9731,0.084437214
model_1695,c_8,c_9,c_4,m_1,0.9753,0.07929522
model_1696,c_10,m_2,c_6,c_7,0.948,0.17382202
model_1697,m_1,c_5,c_6,m_2,0.9389,0.20626123
model_1698,c_9,c_9,c_1,c_4,0.9719,0.087034576
model_1699,c_11,m_3,c_1,m_1,0.9363,0.21497396
model_1700,m_3,c_6,c_12,c_4,0.8586,0.45309532
model_1701,c_5,c_8,c_11,c_8,0.9728,0.08317788
model_1702,c_11,c_12,c_4,c_5,0.9739,0.082938574
model_1703,c_2,c_4,c_7,c_2,0.9752,0.0797079
model_1704,c_5,c_1,c_7,c_4,0.9749,0.080477715
model_1705,c_1,c_6,c_9,c_10,0.9719,0.08355251
model_1706,c_5,m_3,c_5,c_5,0.9353,0.21522066
model_1707,m_1,m_1,c_11,c_4,0.8033,0.673583
model_1708,c_12,m_1,c_9,c_2,0.9526,0.15862222
model_1709,m_1,m_1,c_8,c_5,0.8018,0.6675759
model_1710,c_7,c_3,c_5,m_1,0.9735,0.08002095
model_1711,m_2,c_7,c_4,m_2,0.9338,0.21911389
model_1712,c_9,c_7,c_7,c_4,0.9734,0.08666726
model_1713,c_3,m_2,m_3,c_5,0.9298,0.29984477
model_1714,c_7,m_2,c_6,m_2,0.9482,0.17252904
model_1715,c_1,c_8,m_1,c_1,0.9591,0.14232612
model_1716,m_3,m_2,c_1,c_1,0.528,1.462538
model_1717,c_9,c_10,c_10,c_10,0.9733,0.0835626
model_1718,m_1,c_1,m_3,c_6,0.8765,0.5035196
model_1719,c_12,c_9,c_8,m_3,0.9741,0.080726296
model_1720,c_7,c_6,c_1,c_11,0.9727,0.08428092
model_1721,m_3,c_10,c_11,c_4,0.8583,0.45595714
model_1722,m_3,c_12,c_3,s,0.8584,0.45457545
model_1723,m_3,c_5,c_3,s,0.8556,0.46054605
model_1724,c_7,c_8,c_7,c_7,0.9755,0.07749684
model_1725,c_10,c_12,c_9,c_11,0.9745,0.07900987
model_1726,m_2,c_7,s,-,0.9074,0.3157077
model_1727,c_7,c_6,c_4,c_2,0.9726,0.08601905
model_1728,c_8,m_3,c_8,c_6,0.9408,0.20025228
model_1729,m_2,c_11,s,-,0.9092,0.3136414
model_1730,c_11,c_5,c_11,c_5,0.974,0.08033873
model_1731,c_8,m_2,m_3,c_3,0.8954,0.4169455
model_1732,m_2,c_2,c_9,c_5,0.9349,0.21667114
model_1733,c_12,m_2,m_2,c_7,0.9459,0.21132396
model_1734,c_4,m_1,c_10,c_11,0.9495,0.17416008
model_1735,c_12,c_7,c_12,s,0.9741,0.08240568
model_1736,c_9,c_6,c_3,c_10,0.9728,0.08492357
model_1737,c_6,c_10,m_1,s,0.9593,0.13945888
model_1738,c_7,c_11,c_11,c_11,0.9746,0.0821746
model_1739,c_2,c_7,m_2,c_11,0.9607,0.1396896
model_1740,m_3,c_9,c_4,c_11,0.8517,0.47853783
model_1741,c_10,m_3,c_8,c_12,0.9198,0.25837985
model_1742,c_3,c_1,c_7,c_6,0.9731,0.08224191
model_1743,c_4,c_10,m_2,c_10,0.9567,0.14918356
model_1744,c_1,c_12,m_3,c_5,0.9706,0.09808415
model_1745,c_12,c_9,c_12,c_6,0.972,0.08621771
model_1746,c_4,m_2,m_2,c_11,0.8809,0.42615765
model_1747,c_5,m_3,c_2,m_2,0.9481,0.17563854
model_1748,c_7,c_1,c_8,c_8,0.9752,0.07970402
model_1749,c_7,c_4,m_3,c_11,0.948,0.17814974
model_1750,c_6,m_1,c_8,s,0.9522,0.15956347
model_1751,c_9,c_2,c_8,c_9,0.9733,0.08690596
model_1752,c_6,c_6,c_5,c_8,0.9717,0.09362307
model_1753,c_3,c_4,m_3,c_2,0.957,0.14453125
model_1754,m_1,c_1,c_12,c_12,0.9368,0.20429048
model_1755,c_7,c_12,m_1,c_7,0.9622,0.13228577
model_1756,c_10,c_5,c_10,c_9,0.9755,0.0802985
model_1757,c_11,m_2,c_9,s,0.9511,0.16505685
model_1758,m_3,c_3,c_9,m_2,0.8562,0.4620102
model_1759,c_11,c_9,c_3,c_7,0.9729,0.08291526
model_1760,c_12,c_7,c_6,m_2,0.9724,0.08699867
model_1761,c_10,c_5,c_6,c_2,0.9745,0.078864336
model_1762,c_3,c_8,c_3,c_6,0.972,0.088076375
model_1763,c_10,c_11,c_12,m_2,0.9746,0.08072765
model_1764,c_10,m_1,c_5,c_2,0.9508,0.17130697
model_1765,c_2,c_9,c_1,c_6,0.9734,0.08314285
model_1766,c_9,c_2,c_5,c_6,0.9723,0.08538805
model_1767,c_12,c_8,m_3,c_5,0.963,0.1256995
model_1768,c_5,c_6,m_2,c_5,0.9666,0.11500633
model_1769,m_2,c_5,c_8,c_5,0.9346,0.21464866
model_1770,c_9,c_9,m_2,c_9,0.9647,0.11805579
model_1771,m_1,c_12,c_2,c_2,0.9341,0.21661124
model_1772,m_3,c_4,c_3,c_2,0.8597,0.45236495
model_1773,c_5,c_9,c_3,m_1,0.9737,0.08024765
model_1774,c_7,c_5,c_3,m_2,0.9734,0.08417939
model_1775,c_11,c_10,c_12,m_3,0.9733,0.08176591
model_1776,c_6,c_3,c_7,c_7,0.9728,0.08880084
model_1777,m_2,c_10,c_5,c_7,0.9308,0.22319314
model_1778,c_12,c_11,m_3,c_1,0.9619,0.12831116
model_1779,c_9,m_2,m_2,c_6,0.9485,0.20549883
model_1780,c_11,c_2,m_2,c_11,0.9598,0.13695116
model_1781,c_9,c_12,c_7,c_7,0.9703,0.09047103
model_1782,m_1,c_7,c_11,c_4,0.9354,0.2084225
model_1783,m_1,m_3,c_9,c_6,0.5484,1.45395
model_1784,m_2,c_6,m_3,c_10,0.9134,0.3382895
model_1785,c_9,c_8,c_3,c_5,0.9741,0.08475121
model_1786,m_1,c_5,c_1,c_1,0.9316,0.22249366
model_1787,c_2,c_11,c_7,c_7,0.9745,0.08153206
model_1788,c_5,m_1,m_2,m_2,0.9384,0.2453013
model_1789,c_1,m_3,c_9,c_6,0.9282,0.24043308
model_1790,c_3,m_2,c_8,m_2,0.9537,0.15564053
model_1791,m_1,c_2,c_5,c_9,0.9349,0.2123099
model_1792,c_12,c_12,c_11,c_9,0.9717,0.08975188
model_1793,m_1,c_11,m_2,c_9,0.925,0.29584473
model_1794,c_3,m_1,c_10,c_4,0.9506,0.16397202
model_1795,c_5,c_5,c_8,c_5,0.973,0.08522905
model_1796,c_9,c_11,c_9,c_3,0.9734,0.082557864
model_1797,c_2,c_10,c_10,c_3,0.9724,0.08525627
model_1798,c_11,c_8,c_11,m_2,0.9733,0.083089486
model_1799,m_1,c_6,m_3,m_1,0.92,0.32176802
model_1800,c_11,c_4,c_11,c_1,0.9742,0.078898765
model_1801,m_3,c_2,s,-,0.8317,0.5578702
model_1802,c_2,m_3,c_1,c_12,0.9445,0.18993917
model_1803,c_5,c_6,c_12,m_2,0.9732,0.08234803
model_1804,c_5,c_3,c_11,c_2,0.9753,0.08043479
model_1805,m_2,c_6,c_7,c_9,0.9275,0.23898427
model_1806,c_12,m_3,c_4,m_3,0.9602,0.13636355
model_1807,m_3,c_2,c_12,m_1,0.8634,0.441945
model_1808,c_4,m_3,c_11,c_8,0.9332,0.22934754
model_1809,c_4,c_3,c_3,c_5,0.9728,0.08483685
model_1810,c_10,c_1,m_1,m_1,0.9551,0.15214442
model_1811,c_6,m_1,m_1,c_1,0.9309,0.2540271
model_1812,c_2,m_2,c_3,c_11,0.9542,0.16156285
model_1813,m_1,m_2,m_3,c_1,0.2156,2.1872334
model_1814,c_10,c_3,c_2,c_5,0.9735,0.084061354
model_1815,c_5,c_11,m_2,c_7,0.9624,0.12575147
model_1816,c_1,m_2,c_12,c_2,0.947,0.17458434
model_1817,c_1,c_8,m_1,c_1,0.9604,0.1344644
model_1818,c_6,c_7,c_10,c_7,0.9737,0.085955665
model_1819,c_1,c_5,c_10,c_1,0.9765,0.078444734
model_1820,m_3,c_9,s,-,0.8287,0.5660216
model_1821,c_3,c_4,c_6,c_5,0.9734,0.0820402
model_1822,c_2,c_7,m_2,c_7,0.9591,0.13939835
model_1823,c_12,c_10,c_10,c_1,0.9736,0.083023034
model_1824,m_1,c_6,c_11,c_5,0.9332,0.22082217
model_1825,m_1,c_1,m_1,c_7,0.8978,0.3777578
model_1826,c_11,c_5,c_5,c_11,0.9745,0.08587025
model_1827,c_2,c_11,c_10,c_3,0.9746,0.079675496
model_1828,c_3,c_7,c_8,c_2,0.9736,0.08901839
model_1829,c_6,c_11,c_6,c_12,0.9746,0.08273458
model_1830,m_1,c_5,c_11,c_11,0.9392,0.20813653
model_1831,c_7,c_2,c_12,c_4,0.9714,0.08595269
model_1832,c_5,m_1,m_3,c_8,0.9023,0.3790615
model_1833,c_10,c_6,m_3,c_5,0.9681,0.10594806
model_1834,c_12,c_6,c_5,c_5,0.9721,0.0874893
model_1835,m_1,c_5,c_2,m_3,0.9382,0.20560774
model_1836,c_5,c_3,c_12,m_2,0.9749,0.078432575
model_1837,c_2,c_10,c_11,c_4,0.9723,0.08521888
model_1838,c_12,m_3,m_2,c_2,0.9332,0.26471642
model_1839,c_4,m_1,c_11,c_3,0.9497,0.16910551
model_1840,m_1,c_8,c_3,s,0.9358,0.20773518
model_1841,c_2,c_3,m_2,c_12,0.9659,0.11622933
model_1842,m_2,c_1,c_10,s,0.9356,0.21772338
model_1843,m_1,m_1,c_12,c_8,0.7997,0.66867787
model_1844,c_12,c_10,m_1,c_5,0.9568,0.14142649
model_1845,m_2,c_2,s,-,0.9095,0.30862635
model_1846,c_8,c_12,c_5,m_1,0.973,0.08247081
model_1847,m_1,m_1,c_2,c_5,0.803,0.6682039
model_1848,c_6,c_4,c_11,c_10,0.9735,0.0849655
model_1849,c_7,c_4,c_3,m_3,0.9737,0.08570736
model_1850,m_2,c_12,c_12,m_3,0.933,0.21970344
model_1851,c_2,c_6,c_4,c_4,0.9736,0.084525675
model_1852,c_2,c_4,c_1,c_12,0.9742,0.0811062
model_1853,c_2,c_7,c_7,s,0.9742,0.08085144
model_1854,c_11,c_2,c_9,m_1,0.9711,0.088515766
model_1855,c_7,c_7,c_4,c_7,0.9739,0.08191722
model_1856,c_4,c_6,c_7,m_3,0.9737,0.084886976
model_1857,m_3,m_2,c_9,c_7,0.5283,1.4854606
model_1858,m_1,c_6,m_2,c_2,0.9257,0.28608873
model_1859,c_6,c_12,c_3,c_7,0.9727,0.08792349
model_1860,m_2,c_11,m_3,m_1,0.8965,0.4159813
model_1861,c_2,c_4,m_2,c_4,0.9579,0.14151779
model_1862,m_2,m_3,m_1,c_7,0.3424,2.07155
model_1863,c_11,c_1,c_3,c_2,0.9721,0.093004785
model_1864,c_4,c_8,c_12,c_4,0.9727,0.08694817
model_1865,c_7,m_2,c_1,c_5,0.9449,0.18123901
model_1866,c_2,c_12,m_2,c_3,0.966,0.11385506
model_1867,c_1,c_5,m_3,c_9,0.9651,0.11844816
model_1868,c_3,c_8,c_4,c_9,0.9717,0.0867517
model_1869,c_4,m_3,c_7,m_1,0.9231,0.26292598
model_1870,c_5,m_3,c_2,c_8,0.9376,0.20546986
model_1871,c_2,c_5,c_2,c_3,0.9742,0.0819296
model_1872,c_6,c_10,s,-,0.9686,0.109949775
model_1873,c_9,c_3,c_9,m_1,0.9728,0.08570997
model_1874,c_12,c_4,c_11,m_3,0.9739,0.08286573
model_1875,c_9,c_3,c_2,m_3,0.9734,0.08417628
model_1876,c_7,c_12,c_5,c_5,0.9724,0.08279943
model_1877,c_8,m_3,c_5,c_1,0.9452,0.18912177
model_1878,c_10,c_11,c_1,c_5,0.9732,0.08702701
model_1879,c_2,c_11,m_1,c_12,0.9586,0.1359323
model_1880,c_3,c_11,c_3,c_10,0.9732,0.08851497
model_1881,c_2,c_7,c_10,m_1,0.9737,0.08150903
model_1882,c_5,c_9,c_5,c_5,0.9745,0.08529978
model_1883,c_12,c_1,c_12,c_7,0.973,0.08501671
model_1884,c_10,c_4,c_10,s,0.9743,0.082172014
model_1885,c_5,c_12,c_10,c_7,0.9735,0.08375253
model_1886,c_2,c_1,c_6,c_4,0.9719,0.08157316
model_1887,c_5,c_11,m_3,c_5,0.9657,0.11748134
model_1888,c_3,c_12,c_7,m_1,0.9728,0.088785715
model_1889,c_10,c_9,c_1,c_3,0.9722,0.08439025
model_1890,c_8,c_6,c_11,m_2,0.9731,0.08409648
model_1891,c_7,c_1,c_3,m_2,0.9734,0.08299028
model_1892,c_3,c_3,c_9,c_1,0.9718,0.08719701
model_1893,m_1,c_1,c_1,c_7,0.9353,0.21313384
model_1894,m_2,c_7,c_11,c_8,0.9327,0.2144995
model_1895,c_5,c_1,s,-,0.9676,0.11062964
model_1896,c_9,c_3,c_2,c_2,0.9727,0.08779335
model_1897,c_9,m_1,m_3,m_1,0.9392,0.26346108
model_1898,c_1,c_2,c_7,c_10,0.9753,0.08306919
model_1899,m_3,c_3,c_3,c_3,0.86,0.46303463
model_1900,c_9,m_1,c_4,c_2,0.9511,0.16287898
model_1901,c_12,c_12,c_1,s,0.9726,0.0862082
model_1902,c_11,c_4,c_12,c_3,0.9726,0.08133648
model_1903,c_5,c_4,c_3,c_2,0.9744,0.08378647
model_1904,c_5,c_2,c_2,c_10,0.9726,0.08359672
model_1905,c_1,c_10,m_3,c_1,0.9556,0.15508178
model_1906,c_1,c_12,c_4,c_8,0.9744,0.08303689
model_1907,c_2,c_10,c_5,s,0.9744,0.081572644
model_1908,c_7,c_3,c_10,c_12,0.9743,0.08395117
model_1909,m_2,c_8,m_1,m_1,0.8968,0.37825748
model_1910,c_8,c_2,c_7,c_9,0.9739,0.08171541
model_1911,c_2,m_2,c_4,c_9,0.9522,0.1649757
model_1912,m_1,c_3,c_4,c_9,0.9341,0.2157834
model_1913,m_2,c_2,c_9,c_3,0.9356,0.21369697
model_1914,m_1,c_11,c_5,s,0.9359,0.21064432
model_1915,c_11,m_1,c_5,m_3,0.9512,0.16574976
model_1916,c_12,m_3,c_11,c_9,0.957,0.15139122
model_1917,m_3,c_12,c_12,m_2,0.8575,0.46220195
model_1918,c_6,c_10,c_12,c_8,0.9734,0.086567864
model_1919,c_6,c_12,c_8,c_9,0.9704,0.093750685
model_1920,c_12,c_1,c_4,s,0.9706,0.08948751
model_1921,c_2,c_8,c_11,c_8,0.9725,0.08382281
model_1922,c_3,c_8,c_7,c_4,0.973,0.083534546
model_1923,c_4,m_1,c_2,c_1,0.9523,0.16717264
model_1924,c_12,c_5,c_12,c_7,0.9736,0.08394923
model_1925,c_11,c_5,c_8,s,0.9744,0.07925941
model_1926,c_3,m_1,c_4,c_5,0.9523,0.15995224
model_1927,c_10,c_2,c_3,c_5,0.9735,0.08612249
model_1928,m_2,c_6,c_12,m_2,0.9336,0.22294189
model_1929,c_11,c_6,s,-,0.9678,0.10574786
model_1930,c_3,c_9,c_3,c_11,0.9739,0.08245173
model_1931,c_8,c_12,c_9,m_1,0.9717,0.087918915
model_1932,c_8,m_1,c_9,c_6,0.9527,0.1634106
model_1933,c_12,c_1,c_8,c_10,0.9747,0.08042881
model_1934,m_2,m_1,m_3,c_12,0.2388,2.1105196
model_1935,c_8,c_8,c_8,c_9,0.9727,0.08388093
model_1936,c_12,m_3,m_3,c_6,0.9087,0.37570578
model_1937,c_10,c_2,c_3,c_2,0.9738,0.087125964
model_1938,c_2,c_3,c_3,c_6,0.9737,0.083283566
model_1939,c_6,c_7,c_2,c_4,0.9733,0.08359822
model_1940,m_3,m_3,c_4,c_5,0.4169,1.7766583
model_1941,c_4,c_4,c_1,c_2,0.9745,0.08205386
model_1942,c_4,c_1,m_3,s,0.9475,0.18087138
model_1943,c_10,c_6,m_2,c_5,0.9662,0.11697622
model_1944,c_10,c_3,m_3,c_2,0.9691,0.1068579
model_1945,c_4,c_5,m_2,c_1,0.9605,0.13076404
model_1946,m_3,m_1,c_12,c_11,0.6074,1.2208537
model_1947,c_4,c_4,m_2,c_3,0.955,0.14730258
model_1948,c_7,c_7,c_4,c_11,0.9755,0.08016041
model_1949,c_10,c_2,c_2,c_10,0.9739,0.081977285
model_1950,c_11,c_5,m_3,m_2,0.9664,0.11342292
model_1951,c_12,m_1,c_5,m_1,0.9517,0.164175
model_1952,c_4,c_3,m_3,s,0.97,0.10368511
model_1953,c_10,c_3,m_1,s,0.9611,0.13426115
model_1954,c_5,c_6,c_11,s,0.9706,0.08777521
model_1955,m_1,c_3,c_1,c_12,0.9286,0.22942963
model_1956,c_8,c_4,c_8,c_7,0.9732,0.08377036
model_1957,m_1,c_11,c_4,c_2,0.935,0.21564978
model_1958,c_9,c_5,c_2,c_5,0.9739,0.087051734
model_1959,c_9,c_1,c_11,c_11,0.9716,0.08823176
model_1960,m_1,c_3,s,-,0.9149,0.29743302
model_1961,c_12,c_3,c_10,c_7,0.9716,0.090278104
model_1962,c_12,c_11,m_1,c_12,0.9616,0.13409424
model_1963,c_5,c_4,c_6,c_3,0.9732,0.08256784
model_1964,c_4,c_3,c_10,c_6,0.9738,0.084618546
model_1965,c_2,c_9,c_4,c_2,0.9741,0.0828074
model_1966,c_4,c_7,c_7,c_3,0.9746,0.08253565
model_1967,c_1,c_12,m_2,c_6,0.9676,0.11059783
model_1968,c_9,m_1,c_3,c_11,0.9538,0.16268775
model_1969,c_2,m_2,c_6,c_12,0.9519,0.16176295
model_1970,c_6,c_5,c_2,m_2,0.9707,0.0879463
model_1971,c_8,c_5,c_7,c_12,0.9747,0.08177505
model_1972,c_6,c_11,c_10,c_12,0.9717,0.09375379
model_1973,c_9,c_3,c_2,c_8,0.9727,0.08389716
model_1974,c_5,m_1,c_3,c_6,0.9513,0.16287234
model_1975,c_1,c_9,c_11,c_3,0.9726,0.084757686
model_1976,m_1,c_5,c_2,c_11,0.9336,0.2143342
model_1977,c_3,c_6,c_2,c_11,0.9726,0.086523645
model_1978,c_11,c_1,m_3,c_1,0.951,0.16796994
model_1979,c_2,c_3,c_7,c_10,0.9736,0.08417131
model_1980,m_3,c_12,c_9,c_4,0.8564,0.45822152
model_1981,c_9,c_9,c_5,c_3,0.9708,0.09045976
model_1982,c_10,c_9,c_5,m_1,0.9728,0.08699371
model_1983,c_9,c_9,c_10,c_2,0.9717,0.08679258
model_1984,c_4,c_4,c_9,c_4,0.9745,0.08053946
model_1985,c_8,c_9,c_6,c_1,0.9721,0.090033956
model_1986,c_7,c_1,c_11,c_2,0.973,0.08432703
model_1987,m_2,c_12,c_4,c_6,0.9286,0.22812998
model_1988,c_11,c_12,c_5,c_10,0.9732,0.08526076
model_1989,c_10,c_2,m_3,c_9,0.9606,0.13258496
model_1990,c_2,c_1,c_9,m_2,0.9761,0.0782957
model_1991,c_1,c_7,c_6,c_3,0.9736,0.08348434
model_1992,c_9,c_3,c_4,c_5,0.9732,0.08432598
model_1993,m_1,c_11,c_3,c_3,0.9352,0.21097289
model_1994,c_10,m_2,c_1,c_2,0.9473,0.17600533
model_1995,c_10,c_12,c_12,c_8,0.9717,0.087714076
model_1996,c_2,c_1,m_1,m_1,0.9582,0.14191264
model_1997,m_2,c_7,c_11,c_5,0.9349,0.21767218
model_1998,c_2,m_3,c_1,c_2,0.9443,0.18972349
model_1999,c_8,c_12,c_6,c_12,0.9735,0.08595932
