EPISODE_NUMBER,LAYER_1,LAYER_2,LAYER_3,LAYER_4,ACCURACY,LOSS
episode_0,c_8,c_6,c_2,m_3,0.7275,0.7705446959
episode_1,c_8,c_11,c_7,m_3,0.7413,0.7577078819
episode_2,c_8,m_3,c_2,c_5,0.7455,0.7687329579
episode_3,c_1,c_2,c_8,c_8,0.702,0.8649785519
episode_4,c_12,c_6,s,-,0.7254,0.8520607018
episode_5,c_9,c_8,m_2,m_1,0.7428,0.7489397227
episode_6,c_1,c_10,c_8,c_3,0.6683,0.9963452749
episode_7,c_3,c_4,c_2,m_2,0.7082,0.8348408708
episode_8,c_7,c_7,c_11,m_2,0.713,0.8769320754
episode_9,c_10,c_10,c_11,c_7,0.7536,0.7693308115
episode_10,c_2,c_2,c_2,c_2,0.7023,0.9087733494
episode_11,c_2,c_1,c_1,c_3,0.7203,0.8291439315
episode_12,c_4,c_12,c_5,c_5,0.7321,0.793699144
episode_13,c_5,c_12,c_8,c_1,0.7215,0.8491020701
episode_14,c_6,c_2,c_9,c_10,0.718,0.8457755962
episode_15,c_4,c_7,c_10,c_6,0.7406,0.7766357836
episode_16,c_10,c_9,c_10,c_6,0.7192,0.8234606778
episode_17,c_10,c_3,m_1,c_4,0.7258,0.8116781203
episode_18,c_1,c_5,c_8,c_2,0.7282,0.8328195712
episode_19,c_7,c_7,c_3,c_9,0.7302,0.8128853524
episode_20,c_2,c_12,c_11,c_11,0.7534,0.7763155985
episode_21,c_5,m_2,c_3,c_10,0.7265,0.818124239
episode_22,c_1,c_2,m_3,m_2,0.7024,0.8715403479
episode_23,c_1,c_5,c_7,m_3,0.7419,0.7531944425
episode_24,c_7,c_9,m_3,c_4,0.7322,0.7781993583
episode_25,c_10,c_3,c_11,c_11,0.7209,0.8433535183
episode_26,c_9,c_6,c_11,c_10,0.724,0.8099915779
episode_27,c_7,m_1,c_10,s,0.7019,0.9110783421
episode_28,c_12,c_1,c_5,c_6,0.6807,0.9331054158
episode_29,c_11,m_1,c_10,c_9,0.763,0.7275709463
episode_30,c_10,c_12,c_2,c_9,0.765,0.751259565
episode_31,c_3,c_10,c_3,c_4,0.7281,0.7905865475
episode_32,m_3,c_4,c_9,s,0.6867,0.9399844211
episode_33,c_6,c_7,c_6,c_3,0.7286,0.8116306636
episode_34,c_10,c_1,m_2,s,0.7124,0.8514260172
episode_35,c_6,c_5,s,-,0.7235,0.8606172226
episode_36,c_6,c_9,c_3,c_7,0.7259,0.8572153281
episode_37,c_4,m_1,c_1,m_1,0.6697,0.9707937905
episode_38,c_2,c_1,m_1,c_4,0.692,0.9098018772
episode_39,c_2,c_10,c_6,c_5,0.7341,0.8171454423
episode_40,c_5,c_6,c_5,c_10,0.6975,0.9000327958
episode_41,c_4,c_11,s,-,0.6618,0.9843284395
episode_42,c_3,c_11,c_12,s,0.7405,0.7694703113
episode_43,c_6,c_3,c_8,c_9,0.7614,0.7158518162
episode_44,c_3,c_8,c_2,m_3,0.7249,0.8030630384
episode_45,c_11,m_2,c_7,c_9,0.7633,0.7050441341
episode_46,c_5,c_8,c_4,m_1,0.7029,0.8489739115
episode_47,c_7,c_12,c_7,c_3,0.7307,0.8634035713
episode_48,c_10,c_2,c_11,s,0.7298,0.8101006259
episode_49,c_3,c_12,m_3,c_1,0.7612,0.6971868226
episode_50,c_1,m_3,c_8,m_2,0.7361,0.7713797514
episode_51,c_1,c_1,c_10,c_9,0.7248,0.8416033181
episode_52,c_9,c_1,c_11,c_7,0.7138,0.8301254099
episode_53,c_10,m_1,c_2,c_7,0.7293,0.8125205677
episode_54,c_4,c_2,c_9,c_7,0.713,0.8819919998
episode_55,c_2,m_2,c_11,c_7,0.7297,0.886047211
episode_56,c_3,c_11,c_10,c_3,0.7224,0.8185229527
episode_57,c_5,m_2,s,-,0.705,0.860463927
episode_58,c_3,c_7,c_8,c_4,0.7323,0.8082986408
episode_59,c_7,c_11,c_3,c_7,0.728,0.8160349374
episode_60,c_4,c_9,c_1,c_9,0.7131,0.8409836168
episode_61,c_6,c_12,c_10,c_1,0.7263,0.8209459283
episode_62,c_2,c_10,c_6,c_5,0.7341,0.8171454423
episode_63,c_2,c_10,c_1,c_1,0.6954,0.9171999553
episode_64,c_5,m_1,m_2,s,0.7092,0.8411604651
episode_65,c_5,c_12,c_9,c_1,0.7434,0.7715346405
episode_66,c_5,c_2,c_1,m_1,0.6814,0.9465988613
episode_67,c_9,c_4,c_11,c_8,0.6997,0.9160119887
episode_68,c_9,c_1,c_10,m_2,0.6978,0.8862281027
episode_69,c_12,m_3,c_8,c_6,0.7638,0.7135346032
episode_70,c_1,c_6,c_11,c_9,0.7541,0.7401165671
episode_71,c_2,c_11,s,-,0.7027,0.8776281724
episode_72,c_1,m_3,c_11,c_2,0.738,0.7620108969
episode_73,c_10,c_10,c_9,c_1,0.7295,0.8125290442
episode_74,c_5,m_1,c_2,m_2,0.702,0.8677793053
episode_75,c_5,c_4,m_3,c_11,0.7391,0.7554947794
episode_76,c_12,c_5,c_8,c_4,0.7453,0.7687450197
episode_77,c_6,c_8,c_10,c_7,0.7254,0.8263549631
episode_78,c_2,c_1,c_12,m_3,0.7318,0.7879382739
episode_79,c_9,c_3,m_2,c_2,0.7471,0.7470782783
episode_80,c_8,c_2,c_7,c_4,0.7048,0.8648912992
episode_81,c_2,m_1,c_8,c_9,0.7736,0.7046771322
episode_82,c_8,c_8,c_1,c_11,0.7407,0.8046840809
episode_83,c_1,c_8,c_3,c_5,0.7255,0.8044401811
episode_84,c_7,c_7,c_11,m_2,0.713,0.8769320754
episode_85,c_10,m_3,c_9,m_3,0.7639,0.6880619052
episode_86,c_12,c_4,m_1,c_2,0.7394,0.7735637818
episode_87,c_10,m_2,c_11,c_11,0.76,0.7138206359
episode_88,c_12,m_1,s,-,0.703,0.8900160341
episode_89,c_6,c_3,c_1,c_4,0.7259,0.8498185801
episode_90,c_12,c_6,c_4,c_12,0.7272,0.8585141121
episode_91,c_11,c_5,c_5,c_3,0.7335,0.7908434458
episode_92,c_7,c_2,c_10,c_12,0.7583,0.7303047463
episode_93,c_7,c_12,s,-,0.7081,0.8526553727
episode_94,c_8,c_11,c_12,c_8,0.7666,0.7129476029
episode_95,c_7,m_1,c_4,c_1,0.7028,0.8705081628
episode_96,c_7,c_9,c_11,c_6,0.7354,0.7738984372
episode_97,c_3,c_5,s,-,0.7028,0.8758703238
episode_98,c_6,m_1,s,-,0.711,0.8612067211
episode_99,c_1,c_5,c_8,c_2,0.7282,0.8328195712
episode_100,c_7,m_1,c_9,c_10,0.7483,0.761277498
episode_101,c_5,c_3,c_6,c_9,0.7147,0.8642854575
episode_102,c_8,c_11,m_2,c_1,0.7393,0.7671522031
episode_103,c_11,c_1,m_3,m_1,0.7262,0.8111765959
episode_104,c_5,c_8,c_12,m_3,0.7169,0.82753003
episode_105,c_6,m_3,c_9,c_11,0.7832,0.6501892401
episode_106,c_11,c_6,c_8,m_2,0.7314,0.7863259398
episode_107,c_9,c_10,s,-,0.7011,0.8853812638
episode_108,c_8,c_10,c_4,c_11,0.7327,0.8007753844
episode_109,c_7,c_5,c_4,c_10,0.7288,0.8193512447
episode_110,c_11,c_5,c_7,m_2,0.7345,0.7882099216
episode_111,c_4,c_5,m_3,c_2,0.7104,0.8354599511
episode_112,c_3,c_1,c_6,m_3,0.721,0.8069136542
episode_113,c_6,c_3,c_3,c_1,0.7346,0.7870796384
episode_114,c_9,m_2,m_2,c_2,0.7149,0.8308344697
episode_115,c_4,c_9,c_11,c_3,0.7417,0.7592806885
episode_116,m_1,m_2,c_4,c_5,0.6725,0.9412686082
episode_117,c_11,c_11,c_6,c_7,0.7227,0.8183976976
episode_118,c_2,c_7,m_2,c_8,0.7222,0.8051841713
episode_119,c_6,m_3,c_9,m_2,0.7261,0.7827118906
episode_120,c_11,c_11,c_9,c_10,0.738,0.8011596905
episode_121,c_9,m_2,m_1,c_7,0.739,0.7790494974
episode_122,c_3,c_6,c_1,m_2,0.6813,0.9156428357
episode_123,c_2,c_1,c_10,c_8,0.7034,0.8915609694
episode_124,m_1,c_7,c_11,c_9,0.7106,0.937867742
episode_125,c_2,c_5,c_5,c_7,0.7198,0.8222274322
episode_126,c_2,c_11,c_11,m_2,0.7043,0.8947805203
episode_127,c_2,c_8,m_3,c_4,0.7349,0.7659013645
episode_128,c_5,c_4,c_4,c_11,0.706,0.8899975504
episode_129,c_12,c_6,m_2,m_3,0.7548,0.7268474554
episode_130,c_6,c_7,c_2,c_1,0.6972,0.8970665266
episode_131,c_4,c_7,c_10,c_3,0.7226,0.8149588659
episode_132,c_1,c_2,m_3,m_2,0.7024,0.8715403479
episode_133,c_8,c_6,c_8,c_7,0.7109,0.9382096507
episode_134,c_10,c_7,m_2,c_8,0.7374,0.7604970471
episode_135,c_2,c_6,c_5,s,0.7213,0.812184321
episode_136,c_8,c_8,c_6,c_4,0.751,0.7918688383
episode_137,c_12,c_5,c_8,c_4,0.7453,0.7687450197
episode_138,c_2,c_2,c_4,c_1,0.7161,0.8236143051
episode_139,c_1,m_3,c_11,c_2,0.738,0.7620108969
episode_140,c_10,c_1,c_1,s,0.678,0.9409360253
episode_141,c_7,c_3,c_5,c_12,0.7288,0.8711289335
episode_142,c_9,c_4,c_6,c_2,0.7239,0.8449650784
episode_143,c_11,c_1,s,-,0.6648,0.9658538896
episode_144,c_11,c_6,c_7,m_3,0.7393,0.7592977126
episode_145,c_7,c_7,c_3,c_10,0.7328,0.803633564
episode_146,c_11,c_8,c_2,c_7,0.7296,0.8234360091
episode_147,c_8,c_4,s,-,0.6848,0.9017666427
episode_148,c_9,c_11,c_8,c_6,0.7442,0.7630780788
episode_149,c_2,m_3,c_9,c_1,0.7628,0.7070952824
episode_150,c_9,c_11,c_5,c_11,0.7124,0.9090737953
episode_151,c_7,c_6,c_11,c_8,0.7435,0.7630189577
episode_152,c_10,m_1,c_4,c_11,0.739,0.7732443058
episode_153,c_9,c_7,s,-,0.7022,0.8965753549
episode_154,c_8,c_6,m_1,m_3,0.7281,0.8073756664
episode_155,c_2,c_7,c_1,c_4,0.7002,0.8892723557
episode_156,c_7,c_10,c_5,c_5,0.7354,0.793348402
episode_157,c_10,c_12,c_11,c_7,0.7606,0.7346600438
episode_158,c_5,c_9,c_3,c_11,0.7416,0.8519901667
episode_159,c_5,c_7,c_3,c_6,0.7155,0.8433741025
episode_160,c_6,c_9,c_6,c_6,0.7541,0.7287921838
episode_161,c_5,m_3,m_2,c_12,0.7156,0.8246446155
episode_162,c_8,c_2,c_6,c_6,0.7421,0.7755582386
episode_163,c_10,c_9,m_1,s,0.7264,0.8071827404
episode_164,c_11,c_6,m_2,c_2,0.7481,0.7643162394
episode_165,c_2,m_3,c_8,c_3,0.7591,0.7220356972
episode_166,c_7,m_1,m_2,c_6,0.7413,0.7792871591
episode_167,m_1,c_7,m_1,m_2,0.6084,1.1114373125
episode_168,c_3,c_6,c_5,c_8,0.7241,0.817873143
episode_169,c_5,c_6,c_11,c_7,0.7558,0.7378811741
episode_170,c_5,c_9,c_3,c_4,0.7401,0.7828069387
episode_171,c_9,m_3,c_8,c_11,0.7711,0.7193366932
episode_172,c_2,c_1,c_12,c_9,0.7382,0.7760415648
episode_173,c_12,c_9,c_3,m_1,0.7563,0.7240177765
episode_174,c_7,c_1,c_5,c_2,0.7165,0.8436643237
episode_175,c_5,m_2,c_8,c_3,0.7447,0.7732150639
episode_176,c_12,c_2,c_12,m_2,0.7423,0.7626180931
episode_177,c_10,m_3,m_3,c_1,0.7247,0.8120008371
episode_178,c_1,c_10,c_7,c_2,0.7236,0.8044521817
episode_179,c_4,c_1,c_7,c_2,0.6979,0.8998645809
episode_180,c_12,c_10,c_3,c_3,0.7383,0.7778798167
episode_181,c_3,m_2,c_2,c_9,0.746,0.7352220037
episode_182,c_1,c_1,m_2,c_8,0.7232,0.8060328196
episode_183,c_2,c_4,c_9,c_8,0.7435,0.7618846831
episode_184,c_2,c_6,c_7,c_2,0.7154,0.854589181
episode_185,c_2,s,-,-,0.6772,0.9486585265
episode_186,c_9,c_11,c_7,m_3,0.7087,0.8927543093
episode_187,c_2,c_5,s,-,0.7029,0.8936433578
episode_188,c_3,m_1,c_5,c_6,0.7314,0.7829235833
episode_189,c_2,c_5,m_3,c_8,0.7278,0.7953279351
episode_190,m_1,c_6,c_8,c_10,0.6903,0.905122327
episode_191,c_10,c_2,m_3,c_8,0.7454,0.7400028546
episode_192,c_9,c_7,s,-,0.7022,0.8965753549
episode_193,c_12,m_3,c_11,c_10,0.7916,0.63901881
episode_194,c_6,m_3,c_8,s,0.7381,0.7739884102
episode_195,c_10,m_1,c_4,c_11,0.739,0.7732443058
episode_196,c_9,c_7,c_10,c_5,0.7101,0.8781219827
episode_197,c_5,c_11,m_3,m_2,0.7381,0.7444478851
episode_198,c_8,m_3,c_12,c_12,0.7729,0.7123670655
episode_199,c_8,c_11,c_10,c_2,0.7533,0.7903001865
episode_200,c_12,c_2,c_12,m_2,0.7423,0.7626180931
episode_201,c_4,m_1,c_7,c_5,0.737,0.7868890296
episode_202,c_1,c_1,c_4,s,0.7083,0.8586752849
episode_203,c_12,c_8,m_1,m_3,0.7363,0.7700016438
episode_204,c_10,m_1,c_7,c_12,0.7609,0.7327970257
episode_205,c_1,c_12,c_11,c_12,0.7669,0.6988646129
episode_206,c_4,m_1,m_3,c_4,0.6914,0.9267254698
episode_207,c_1,c_6,c_7,s,0.7159,0.8354594097
episode_208,c_2,m_2,c_6,c_6,0.7641,0.7246577671
episode_209,c_8,m_3,c_11,c_6,0.7635,0.7100142729
episode_210,c_2,m_3,c_8,c_6,0.7371,0.7709150921
episode_211,c_9,c_2,c_3,m_3,0.7154,0.8192665898
episode_212,c_3,m_1,m_3,m_2,0.6727,0.9922747056
episode_213,c_9,m_1,c_10,c_4,0.7459,0.7662300817
episode_214,c_4,m_2,c_11,c_2,0.7366,0.7918611801
episode_215,c_4,c_5,c_3,c_3,0.7329,0.7712995602
episode_216,c_7,c_9,c_5,c_12,0.6895,0.998207092
episode_217,c_6,c_4,s,-,0.6731,0.937131893
episode_218,c_7,c_9,c_2,m_2,0.738,0.7884788572
episode_219,c_1,m_3,m_2,c_5,0.6873,0.9039675798
episode_220,c_2,c_5,c_4,c_3,0.7176,0.8333778988
episode_221,c_5,c_4,c_10,c_12,0.7481,0.7525218474
episode_222,c_3,c_3,c_10,c_9,0.7396,0.7805715912
episode_223,c_4,c_7,c_3,c_6,0.7371,0.7863302718
episode_224,c_12,c_3,c_5,c_8,0.7476,0.7550336497
episode_225,c_1,c_1,c_6,c_7,0.6963,0.9306928176
episode_226,c_12,c_8,m_1,m_3,0.7363,0.7700016438
episode_227,c_10,c_12,c_2,c_7,0.7501,0.7609769917
episode_228,c_1,c_5,c_12,c_6,0.7439,0.7546769404
episode_229,c_5,m_2,c_5,m_3,0.7327,0.7943757248
episode_230,c_10,c_3,c_4,c_9,0.701,0.8698536365
episode_231,c_5,c_3,c_9,c_8,0.7236,0.8403343574
episode_232,c_10,c_4,c_3,m_3,0.7111,0.8283148057
episode_233,c_8,c_7,c_6,c_12,0.7285,0.8525561927
episode_234,m_2,c_8,m_3,s,0.6891,0.897268104
episode_235,c_10,c_5,m_2,s,0.7171,0.8623568889
episode_236,c_2,c_5,c_2,c_2,0.7248,0.8193752006
episode_237,c_7,c_9,c_4,c_10,0.6996,1.0208803638
episode_238,c_8,c_6,m_2,c_4,0.7173,0.8443778829
episode_239,c_11,m_3,m_2,c_5,0.7012,0.8634085464
episode_240,c_12,c_12,c_7,c_7,0.7405,0.7711323669
episode_241,c_10,m_3,c_7,c_3,0.7627,0.7215586305
episode_242,c_6,c_9,c_2,c_8,0.7323,0.8101150307
episode_243,c_7,m_2,c_1,c_9,0.7313,0.8015811863
episode_244,c_5,c_11,m_2,c_9,0.773,0.6703214809
episode_245,c_8,c_7,c_11,s,0.677,0.9587247545
episode_246,c_4,c_12,c_4,c_4,0.7282,0.8327663187
episode_247,c_1,c_6,c_11,c_9,0.7541,0.7401165671
episode_248,c_5,c_11,c_11,c_4,0.7327,0.8042854309
episode_249,c_6,c_3,c_10,c_4,0.7339,0.8054866842
episode_250,c_1,c_5,c_7,m_3,0.7419,0.7531944425
episode_251,m_2,m_3,c_10,c_4,0.6055,1.1048950537
episode_252,c_7,c_4,c_5,c_8,0.7342,0.7858336545
episode_253,c_8,c_7,c_5,c_12,0.7191,0.8306212075
episode_254,c_5,c_12,c_8,c_6,0.7355,0.7691480504
episode_255,c_2,c_5,c_10,c_12,0.7173,0.8455085829
episode_256,c_12,c_9,c_9,c_8,0.7626,0.7414946794
episode_257,c_8,m_1,c_10,c_1,0.7441,0.7423926428
episode_258,c_1,m_1,m_2,m_2,0.6908,0.9568412893
episode_259,c_12,c_3,c_7,m_1,0.7288,0.7947791016
episode_260,c_11,c_6,c_11,c_6,0.7592,0.7275649897
episode_261,c_5,c_10,c_10,c_5,0.6959,0.9025020225
episode_262,c_11,c_1,c_11,c_5,0.741,0.7737423454
episode_263,c_4,c_6,c_9,c_10,0.7343,0.7826547118
episode_264,c_3,c_6,c_1,m_2,0.6813,0.9156428357
episode_265,c_10,c_10,c_7,s,0.7072,0.8545269935
episode_266,c_3,c_4,c_2,m_2,0.7082,0.8348408708
episode_267,c_5,m_2,c_9,m_2,0.7467,0.7750286433
episode_268,c_11,m_3,c_9,c_11,0.7567,0.7398401132
episode_269,c_4,c_9,c_4,c_12,0.7342,0.8088925929
episode_270,c_11,c_3,s,-,0.7029,0.8693831643
episode_271,c_10,m_2,c_11,c_11,0.76,0.7138206359
episode_272,c_6,c_6,c_11,c_10,0.7166,0.8451116946
episode_273,c_5,c_10,c_3,c_12,0.7163,0.9440973538
episode_274,c_12,c_12,c_11,m_2,0.7476,0.7528800495
episode_275,c_12,c_5,c_9,s,0.7271,0.8067157066
episode_276,c_11,c_9,m_2,c_7,0.7235,0.8252062973
episode_277,c_6,c_7,c_2,c_5,0.7235,0.8489206846
episode_278,c_2,m_3,c_7,c_8,0.7466,0.753097322
episode_279,c_9,c_3,m_2,c_2,0.7471,0.7470782783
episode_280,c_6,c_1,m_2,c_8,0.7099,0.835666832
episode_281,c_11,c_8,c_12,m_3,0.7432,0.7858569288
episode_282,c_6,c_1,c_6,c_12,0.7364,0.784661207
episode_283,c_3,m_3,c_11,c_10,0.7195,0.8443382937
episode_284,c_11,m_2,c_1,c_10,0.768,0.7256743255
episode_285,c_10,c_8,m_2,c_4,0.6941,0.8685959763
episode_286,c_3,c_6,c_10,c_1,0.7332,0.8003782773
episode_287,c_10,m_1,c_10,c_6,0.7624,0.7010786333
episode_288,c_11,c_8,c_12,c_7,0.7816,0.670923123
episode_289,c_1,c_3,m_2,c_11,0.7583,0.7639938903
episode_290,c_9,c_5,c_2,m_1,0.7392,0.7744453037
episode_291,c_11,c_9,c_10,c_6,0.7452,0.759698036
episode_292,c_1,c_1,c_11,c_6,0.7271,0.8297973987
episode_293,c_11,m_2,c_3,c_4,0.7394,0.76344312
episode_294,c_11,c_10,m_1,c_1,0.7302,0.8009351631
episode_295,c_12,c_10,c_6,m_3,0.761,0.7030323519
episode_296,c_8,c_6,c_3,c_5,0.7461,0.77316395
episode_297,c_3,c_11,c_10,c_3,0.7224,0.8185229527
episode_298,c_7,c_4,c_6,m_3,0.6926,0.9162213668
episode_299,c_8,c_11,c_12,c_8,0.7666,0.7129476029
episode_300,c_7,m_3,c_3,m_1,0.714,0.8305894013
episode_301,m_2,c_9,m_2,c_7,0.7179,0.8526341682
episode_302,c_8,c_6,m_2,c_3,0.7504,0.7895045175
episode_303,c_10,c_10,m_3,c_7,0.7597,0.7023822917
episode_304,c_5,c_3,m_1,c_9,0.7389,0.7677965093
episode_305,c_6,m_3,c_3,c_8,0.7471,0.773602103
episode_306,c_2,c_7,m_2,c_8,0.7222,0.8051841713
episode_307,c_4,c_11,m_2,m_1,0.7354,0.7732309641
episode_308,c_2,c_11,c_7,c_12,0.7226,0.8360046186
episode_309,c_5,c_10,c_6,s,0.717,0.8283129026
episode_310,c_7,m_3,c_5,c_3,0.7167,0.817483981
episode_311,c_4,c_7,c_9,c_4,0.7097,0.8694775596
episode_312,c_9,c_2,c_3,m_3,0.7154,0.8192665898
episode_313,c_3,m_1,c_4,m_1,0.6682,0.9526095943
episode_314,c_8,m_1,c_2,c_2,0.7277,0.8085538344
episode_315,c_6,c_12,c_7,c_12,0.7165,0.8765576422
episode_316,c_8,c_4,c_2,c_5,0.7107,0.8399426954
episode_317,c_6,c_11,c_4,c_9,0.7161,0.8539475494
episode_318,c_1,c_4,c_11,m_1,0.7135,0.8356865856
episode_319,c_1,c_10,c_5,c_7,0.7124,0.8525966891
episode_320,c_7,m_2,c_4,c_9,0.7504,0.7934897252
episode_321,c_1,s,-,-,0.6824,0.9222057566
episode_322,c_10,m_2,c_11,c_11,0.76,0.7138206359
episode_323,c_7,c_3,c_6,c_1,0.7183,0.8288707768
episode_324,c_2,c_5,c_2,c_2,0.7248,0.8193752006
episode_325,c_9,c_6,c_6,m_3,0.7418,0.8022163939
episode_326,m_2,c_7,c_5,c_11,0.7202,0.8810535474
episode_327,c_1,c_3,c_9,c_8,0.7303,0.7890602434
episode_328,c_3,c_11,c_6,m_2,0.7095,0.8423264822
episode_329,c_5,c_12,c_12,c_12,0.7309,0.8424393962
episode_330,c_10,c_6,c_9,c_10,0.756,0.7291960112
episode_331,c_7,c_6,c_3,c_10,0.7539,0.7333140047
episode_332,c_9,c_12,m_3,c_6,0.7762,0.6634890669
episode_333,c_4,c_8,c_4,c_1,0.7176,0.8252080023
episode_334,c_9,c_4,c_9,c_12,0.7475,0.7696301625
episode_335,c_11,c_6,c_12,c_2,0.7314,0.8036078853
episode_336,c_12,m_1,s,-,0.703,0.8900160341
episode_337,c_2,m_1,c_1,c_11,0.7533,0.7513059779
episode_338,c_9,m_1,m_3,m_3,0.6379,1.0747249052
episode_339,c_9,c_5,c_7,m_2,0.7108,0.8322971715
episode_340,c_9,c_11,c_12,c_9,0.7462,0.8377771833
episode_341,c_10,c_5,c_5,c_4,0.718,0.8690554668
episode_342,m_3,c_12,c_1,c_5,0.6786,0.9605158808
episode_343,c_10,c_12,c_3,s,0.7365,0.7831371754
episode_344,c_1,c_1,c_8,c_7,0.7287,0.8156379168
episode_345,c_10,c_6,c_10,c_9,0.729,0.801501258
episode_346,c_3,c_6,m_1,c_2,0.7298,0.8212579532
episode_347,c_7,c_9,c_7,c_8,0.7125,0.9081037186
episode_348,c_1,c_3,m_1,s,0.7152,0.8510912469
episode_349,c_9,m_1,c_10,c_4,0.7459,0.7662300817
episode_350,c_3,c_11,c_10,m_2,0.7239,0.8182396158
episode_351,c_7,m_1,c_2,m_1,0.7185,0.8180349734
episode_352,c_2,m_1,c_8,c_9,0.7736,0.7046771322
episode_353,c_1,c_9,s,-,0.707,0.8873637054
episode_354,c_11,c_5,c_5,c_3,0.7335,0.7908434458
episode_355,c_4,c_4,c_3,c_11,0.7284,0.8173319738
episode_356,c_1,c_5,c_6,c_12,0.7189,0.8191004657
episode_357,c_5,c_8,c_10,c_6,0.7365,0.7655745142
episode_358,c_5,m_3,c_2,m_1,0.7,0.8703105069
episode_359,c_10,m_1,c_2,c_7,0.7293,0.8125205677
episode_360,c_3,c_2,c_2,s,0.6632,1.0329476385
episode_361,c_4,c_1,c_12,c_9,0.7313,0.8185031921
episode_362,c_12,c_7,c_3,c_11,0.7443,0.76898256
episode_363,m_3,c_7,c_9,c_11,0.6365,1.0793765797
episode_364,c_3,c_8,c_1,c_8,0.7367,0.7818339939
episode_365,c_1,m_2,c_8,m_1,0.7114,0.8350722327
episode_366,c_9,c_3,c_10,m_2,0.73,0.7984536236
episode_367,m_3,c_2,c_5,s,0.6294,1.0746108093
episode_368,c_7,m_3,c_3,m_1,0.714,0.8305894013
episode_369,c_4,m_1,c_8,c_2,0.7384,0.7869864388
episode_370,c_10,m_2,m_2,m_1,0.7312,0.8291637849
episode_371,c_7,c_9,c_11,c_11,0.7496,0.7627056499
episode_372,c_6,s,-,-,0.6857,0.9753169553
episode_373,c_1,c_1,c_12,c_4,0.7258,0.8162831419
episode_374,c_2,c_7,c_6,c_10,0.7456,0.7559400081
episode_375,c_2,m_2,c_10,s,0.6766,0.9373821104
episode_376,c_4,m_3,c_11,c_2,0.7642,0.7047302073
episode_377,c_4,m_2,m_3,c_6,0.6772,0.922512601
episode_378,c_12,c_10,c_8,c_9,0.7564,0.7773288469
episode_379,c_8,c_2,m_3,c_12,0.775,0.6638746689
episode_380,c_9,m_3,m_3,s,0.7449,0.763525558
episode_381,c_8,m_1,c_5,c_1,0.7402,0.764419029
episode_382,c_4,c_7,c_11,m_1,0.7291,0.8230801157
episode_383,c_1,c_5,m_1,c_5,0.7384,0.8316090661
episode_384,c_7,c_3,c_12,c_12,0.7637,0.7293676155
episode_385,c_4,m_1,m_1,c_5,0.6768,0.9115274363
episode_386,c_11,c_8,c_12,c_10,0.7457,0.7899988498
episode_387,c_11,c_2,c_8,m_3,0.6865,0.9093677519
episode_388,c_10,c_10,c_9,c_1,0.7295,0.8125290442
episode_389,c_2,s,-,-,0.6772,0.9486585265
episode_390,c_7,c_6,c_2,c_7,0.7085,0.8946623439
episode_391,c_9,c_1,c_10,m_2,0.6978,0.8862281027
episode_392,c_9,c_7,c_7,c_2,0.725,0.8405429071
episode_393,c_5,c_11,c_12,c_12,0.7507,0.756385662
episode_394,c_1,c_9,s,-,0.707,0.8873637054
episode_395,c_8,c_6,m_1,m_3,0.7281,0.8073756664
episode_396,c_9,c_7,c_8,m_2,0.7246,0.8283968492
episode_397,c_7,c_11,c_7,c_2,0.7527,0.7452207472
episode_398,c_8,s,-,-,0.6822,0.9504524675
episode_399,c_1,m_1,s,-,0.676,0.944533562
episode_400,c_9,m_2,c_3,c_4,0.7511,0.7501631223
episode_401,c_4,m_3,m_1,c_7,0.709,0.8560707823
episode_402,c_1,c_3,c_3,c_1,0.7349,0.7818603355
episode_403,c_4,c_10,c_7,c_9,0.7428,0.779880892
episode_404,c_6,s,-,-,0.6857,0.9753169553
episode_405,c_4,c_5,c_2,c_2,0.6904,0.8888825918
episode_406,c_7,c_11,c_5,c_2,0.6912,0.9032417877
episode_407,c_2,c_4,c_5,c_11,0.677,0.9576203646
episode_408,c_9,c_7,c_4,c_11,0.7237,0.825305896
episode_409,c_2,c_8,c_12,c_5,0.7401,0.7950368798
episode_410,c_12,c_6,c_11,c_5,0.7204,0.8671355301
episode_411,c_10,c_6,c_8,c_7,0.7404,0.7633639668
episode_412,c_3,c_3,c_9,c_9,0.6872,0.9683933246
episode_413,c_3,c_8,c_11,c_7,0.7396,0.7920882995
episode_414,c_7,c_1,m_1,c_12,0.7321,0.7884543645
episode_415,c_3,c_1,c_8,m_2,0.7019,0.8703375616
episode_416,c_10,m_2,m_3,m_3,0.6254,1.1108768763
episode_417,c_3,m_1,c_7,c_9,0.7416,0.8156670705
episode_418,c_4,c_9,c_4,c_7,0.7133,0.8243787939
episode_419,c_9,m_3,c_10,c_10,0.7703,0.6750731441
episode_420,c_3,c_7,c_2,c_7,0.712,0.8554289878
episode_421,c_7,c_3,c_3,s,0.7216,0.8536451239
episode_422,m_3,c_2,c_1,c_10,0.6857,1.0123296763
episode_423,c_1,c_4,c_9,c_7,0.697,0.9077306472
episode_424,c_10,c_9,c_7,c_8,0.7608,0.7137064576
episode_425,c_6,c_1,c_9,c_8,0.7144,0.8482629575
episode_426,c_10,c_12,c_2,m_2,0.7284,0.7759120544
episode_427,c_10,m_2,c_2,c_6,0.766,0.7099362363
episode_428,c_2,c_9,s,-,0.6842,0.9562252809
episode_429,c_1,c_1,c_4,c_1,0.7046,0.8528819479
episode_430,c_9,c_6,m_3,s,0.727,0.792006483
episode_431,c_4,c_2,c_11,s,0.7083,0.8661915878
episode_432,c_7,m_2,c_5,c_6,0.7258,0.8552287107
episode_433,c_4,c_9,c_11,c_3,0.7417,0.7592806885
episode_434,c_7,c_5,c_10,c_10,0.7173,0.8387645175
episode_435,c_11,c_1,s,-,0.6648,0.9658538896
episode_436,c_10,c_10,m_3,c_7,0.7597,0.7023822917
episode_437,c_11,m_2,m_1,c_5,0.7301,0.8007798053
episode_438,c_3,c_7,c_7,c_4,0.7325,0.8044449491
episode_439,m_3,c_12,c_4,c_12,0.7322,0.8694114029
episode_440,c_1,c_8,m_3,c_10,0.738,0.7585782053
episode_441,c_4,c_9,c_1,c_9,0.7131,0.8409836168
episode_442,c_6,m_1,c_9,c_2,0.753,0.7602543839
episode_443,c_9,c_11,c_5,c_11,0.7124,0.9090737953
episode_444,c_10,c_10,c_5,c_6,0.7144,0.8397359785
episode_445,c_4,c_3,m_3,m_2,0.7199,0.8205918969
episode_446,c_6,c_11,c_4,s,0.6908,0.8864691418
episode_447,c_11,c_6,c_8,c_10,0.7232,0.8089774958
episode_448,c_10,c_12,c_2,m_2,0.7284,0.7759120544
episode_449,c_4,c_2,c_10,c_6,0.728,0.8847059436
episode_450,c_5,c_10,c_6,s,0.717,0.8283129026
episode_451,c_3,c_4,c_1,c_9,0.7149,0.845168078
episode_452,c_6,m_1,s,-,0.711,0.8612067211
episode_453,c_8,m_2,c_5,c_12,0.7729,0.7266658715
episode_454,c_12,c_5,c_11,c_5,0.7319,0.8549379885
episode_455,c_3,c_6,c_5,c_8,0.7241,0.817873143
episode_456,c_2,c_12,c_7,s,0.7177,0.8411133216
episode_457,c_4,c_2,c_8,m_3,0.7152,0.9062203022
episode_458,c_5,c_7,m_1,c_6,0.6854,0.8992909583
episode_459,c_3,c_8,c_7,c_8,0.7292,0.7988058241
episode_460,c_9,c_10,m_1,c_10,0.7203,0.8051660059
episode_461,c_12,c_10,m_2,m_3,0.7299,0.7935287779
episode_462,c_1,s,-,-,0.6824,0.9222057566
episode_463,m_3,c_12,c_11,c_2,0.7021,0.8953205409
episode_464,c_10,c_5,c_5,c_6,0.7502,0.7856599946
episode_465,c_2,c_6,c_2,c_7,0.7151,0.8251326609
episode_466,c_4,c_10,c_7,c_9,0.7428,0.779880892
episode_467,c_1,c_9,c_4,c_11,0.7199,0.8349597565
episode_468,c_1,c_1,c_12,c_11,0.7502,0.7555090555
episode_469,c_9,c_1,s,-,0.7004,0.8804449135
episode_470,c_8,c_3,c_3,c_2,0.7441,0.7612778426
episode_471,c_12,c_9,c_4,c_11,0.7514,0.7508974775
episode_472,c_4,c_6,m_1,c_11,0.7292,0.8434698656
episode_473,c_5,m_2,c_3,c_9,0.7582,0.7517212296
episode_474,c_4,c_4,c_5,c_2,0.6982,0.8750688059
episode_475,c_8,m_3,c_7,c_7,0.7308,0.788797542
episode_476,c_1,c_6,c_7,c_11,0.7289,0.8004453758
episode_477,c_6,c_3,c_5,c_4,0.7283,0.7964436398
episode_478,c_11,m_3,s,-,0.7069,0.8464536988
episode_479,c_2,c_8,s,-,0.6823,0.9128388451
episode_480,c_3,c_4,c_6,c_11,0.7446,0.7642451825
episode_481,c_2,c_2,c_2,s,0.6957,0.9020025613
episode_482,c_9,m_1,m_1,m_2,0.7143,0.8729472586
episode_483,c_3,c_6,m_1,c_2,0.7298,0.8212579532
episode_484,c_11,c_3,c_12,c_5,0.7431,0.7742502851
episode_485,c_2,c_7,s,-,0.6795,0.9224383629
episode_486,c_10,c_9,m_1,s,0.7264,0.8071827404
episode_487,c_7,m_3,c_3,m_1,0.714,0.8305894013
episode_488,c_3,c_6,c_5,c_8,0.7241,0.817873143
episode_489,c_8,c_8,c_12,c_9,0.7462,0.7736267663
episode_490,c_10,m_3,c_2,m_2,0.7331,0.782418764
episode_491,c_7,c_3,c_1,c_2,0.7293,0.7918466836
episode_492,c_11,m_2,m_2,c_9,0.7552,0.7411308552
episode_493,c_1,c_6,c_1,m_2,0.739,0.7758603604
episode_494,c_2,c_2,c_2,s,0.6957,0.9020025613
episode_495,c_2,c_6,m_3,c_6,0.7513,0.7251342092
episode_496,c_6,c_9,c_4,c_10,0.7349,0.7896136202
episode_497,c_9,c_6,c_5,m_3,0.7145,0.8213008895
episode_498,m_3,c_9,m_2,c_7,0.6893,0.9040868711
episode_499,c_2,c_6,c_2,c_7,0.7151,0.8251326609
episode_500,c_1,m_1,c_10,c_5,0.7113,0.8958039335
episode_501,c_11,c_3,s,-,0.7029,0.8693831643
episode_502,c_9,c_6,m_1,m_2,0.7358,0.783568778
episode_503,c_8,c_6,c_6,c_5,0.7317,0.8312984645
episode_504,c_12,c_6,s,-,0.7254,0.8520607018
episode_505,c_9,c_5,c_6,c_9,0.6985,0.8966705333
episode_506,c_6,c_9,c_3,c_7,0.7259,0.8572153281
episode_507,c_5,c_8,c_4,m_1,0.7029,0.8489739115
episode_508,c_7,c_7,c_12,c_7,0.7321,0.8341422264
episode_509,c_10,c_2,c_6,c_3,0.7415,0.7910170586
episode_510,c_3,c_8,c_3,m_1,0.708,0.8546552989
episode_511,c_5,c_12,c_9,c_1,0.7434,0.7715346405
episode_512,c_12,c_7,c_1,c_1,0.7078,0.8763524094
episode_513,c_6,c_11,c_4,s,0.6908,0.8864691418
episode_514,c_2,c_10,m_2,c_5,0.7445,0.7508258788
episode_515,c_12,m_1,c_9,c_4,0.7521,0.7299969028
episode_516,c_9,c_3,c_1,c_11,0.7368,0.7852584969
episode_517,c_3,c_1,c_6,m_3,0.721,0.8069136542
episode_518,c_2,c_1,c_12,m_1,0.7334,0.7851588393
episode_519,c_3,c_4,c_1,c_7,0.7095,0.8516990155
episode_520,c_5,c_9,c_8,c_6,0.6977,1.006590204
episode_521,c_6,c_8,c_10,c_7,0.7254,0.8263549631
episode_522,c_5,m_2,c_1,c_4,0.7257,0.8326614142
episode_523,c_5,c_8,c_11,c_5,0.7439,0.7543013697
episode_524,c_3,c_8,c_6,m_3,0.7609,0.6983297241
episode_525,c_5,c_11,m_2,c_9,0.773,0.6703214809
episode_526,c_8,c_11,s,-,0.6823,0.9216693419
episode_527,c_5,c_4,c_2,c_6,0.6882,0.9364967061
episode_528,c_12,c_9,c_7,s,0.7481,0.759815161
episode_529,c_4,c_11,c_1,c_8,0.7213,0.8130886883
episode_530,c_9,c_11,m_1,c_3,0.7222,0.8241986485
episode_531,c_9,c_10,m_1,c_10,0.7203,0.8051660059
episode_532,c_12,c_7,c_3,c_11,0.7443,0.76898256
episode_533,c_2,c_11,c_1,m_1,0.7181,0.8346988832
episode_534,c_1,c_5,c_7,m_3,0.7419,0.7531944425
episode_535,c_6,c_4,c_11,m_3,0.7255,0.8082420386
episode_536,c_7,c_8,m_2,m_2,0.7374,0.7694108759
episode_537,c_3,c_5,c_7,m_3,0.729,0.7871384796
episode_538,c_3,m_1,c_7,c_4,0.74,0.7649871735
episode_539,c_6,c_7,c_2,c_8,0.6978,0.8844993793
episode_540,c_8,c_9,m_1,m_2,0.6974,0.8943244023
episode_541,c_7,c_8,m_2,m_2,0.7374,0.7694108759
episode_542,c_7,c_1,c_1,c_3,0.6975,0.8740177925
episode_543,c_1,c_9,c_9,c_4,0.7339,0.8539845995
episode_544,c_8,c_2,c_7,c_4,0.7048,0.8648912992
episode_545,c_6,c_4,s,-,0.6731,0.937131893
episode_546,c_6,c_5,c_2,c_11,0.7105,0.8860661476
episode_547,c_4,c_7,c_7,c_1,0.6961,0.8853575271
episode_548,c_8,m_2,c_7,m_2,0.7141,0.829971841
episode_549,c_7,c_8,c_9,m_2,0.7443,0.7764315757
episode_550,c_2,m_1,s,-,0.6753,0.9746115293
episode_551,c_3,c_10,s,-,0.6918,0.8943730098
episode_552,c_4,c_4,c_4,m_2,0.6906,0.9007377826
episode_553,c_2,c_12,c_2,c_3,0.7241,0.8258563445
episode_554,c_3,c_6,c_8,c_4,0.6805,0.9358321252
episode_555,c_1,c_5,c_7,m_3,0.7419,0.7531944425
episode_556,m_2,c_9,c_12,m_3,0.7081,0.8480791665
episode_557,c_5,c_1,c_11,c_12,0.6921,1.0064270259
episode_558,c_4,c_5,c_12,c_1,0.7253,0.8181464601
episode_559,c_3,c_4,c_7,c_11,0.7025,0.9002514707
episode_560,c_6,c_8,c_7,m_1,0.7279,0.8091844293
episode_561,c_7,m_2,c_5,c_6,0.7258,0.8552287107
episode_562,c_4,s,-,-,0.671,0.9666766644
episode_563,c_7,c_3,c_3,m_1,0.7384,0.7740394232
episode_564,c_12,c_9,c_9,c_8,0.7626,0.7414946794
episode_565,c_4,c_11,c_9,c_11,0.7305,0.8306585573
episode_566,c_7,c_9,c_6,c_2,0.7365,0.7667838483
episode_567,c_2,c_11,c_8,s,0.7228,0.8396051744
episode_568,m_3,c_9,c_2,c_1,0.6602,0.9961773536
episode_569,c_7,c_4,c_5,c_8,0.7342,0.7858336545
episode_570,c_3,c_11,c_11,c_3,0.7342,0.8581164735
episode_571,c_3,c_7,c_2,c_7,0.712,0.8554289878
episode_572,c_4,c_10,c_3,c_3,0.7385,0.7836512778
episode_573,c_6,c_3,c_1,c_4,0.7259,0.8498185801
episode_574,c_2,c_8,c_11,c_3,0.7055,0.9049764173
episode_575,c_9,c_9,c_9,c_3,0.7455,0.7614008203
episode_576,c_10,c_3,m_1,c_4,0.7258,0.8116781203
episode_577,m_1,s,-,-,0.6512,1.0135904365
episode_578,c_11,c_2,c_6,c_12,0.7265,0.8232517676
episode_579,c_5,c_3,m_2,m_1,0.7302,0.7868575944
episode_580,c_12,c_2,c_8,c_2,0.7375,0.7937590548
episode_581,c_1,c_12,s,-,0.7126,0.8442119717
episode_582,c_4,c_2,c_6,c_12,0.6993,0.9195123248
episode_583,c_1,c_3,c_9,c_8,0.7303,0.7890602434
episode_584,c_2,c_7,c_12,c_5,0.728,0.8892706678
episode_585,c_11,c_3,c_7,m_1,0.7441,0.7499207059
episode_586,c_4,m_1,c_7,c_5,0.737,0.7868890296
episode_587,c_9,m_3,s,-,0.7018,0.8568197473
episode_588,c_9,c_5,m_1,m_3,0.738,0.7597188513
episode_589,c_9,c_2,c_7,c_7,0.7361,0.7676165904
episode_590,c_5,m_3,m_3,c_8,0.6832,0.9051383657
episode_591,c_10,c_5,c_5,c_4,0.718,0.8690554668
episode_592,c_9,c_2,c_10,c_8,0.7368,0.7838314301
episode_593,c_5,c_9,c_3,c_4,0.7401,0.7828069387
episode_594,c_2,c_3,m_2,c_8,0.7331,0.8007754824
episode_595,c_2,c_1,m_1,c_4,0.692,0.9098018772
episode_596,c_10,c_2,c_2,c_4,0.7191,0.8437972075
episode_597,c_8,c_12,m_3,m_3,0.7611,0.6937023397
episode_598,m_1,c_3,m_2,s,0.6867,0.9185542938
episode_599,c_8,s,-,-,0.6822,0.9504524675
episode_600,c_10,c_3,c_4,c_9,0.701,0.8698536365
episode_601,c_11,c_7,m_2,c_10,0.7316,0.8826755759
episode_602,c_2,c_8,m_2,c_3,0.7435,0.7579241353
episode_603,c_6,c_4,c_9,c_12,0.7036,0.9035053473
episode_604,c_11,c_2,c_8,m_3,0.6865,0.9093677519
episode_605,c_3,c_6,m_1,c_2,0.7298,0.8212579532
episode_606,c_11,c_2,c_8,c_10,0.7305,0.8273333955
episode_607,c_10,m_1,c_5,m_1,0.7332,0.785192183
episode_608,c_7,c_9,c_8,c_2,0.7176,0.860191514
episode_609,c_8,c_6,m_1,m_3,0.7281,0.8073756664
episode_610,c_9,m_1,c_3,s,0.7299,0.8001178539
episode_611,c_9,c_2,c_1,m_2,0.7165,0.8267822454
episode_612,c_1,c_9,c_3,m_3,0.7538,0.7268419079
episode_613,c_4,c_8,m_3,c_9,0.7492,0.7213436077
episode_614,c_7,c_10,c_12,c_7,0.7422,0.7811319622
episode_615,c_12,c_9,c_7,c_8,0.7426,0.7791578982
episode_616,c_11,c_9,c_2,c_6,0.7287,0.8843249811
episode_617,c_3,c_10,c_4,m_1,0.7002,0.8587922355
episode_618,c_12,c_6,c_6,m_2,0.734,0.7872090272
episode_619,c_11,c_5,c_3,c_2,0.7543,0.7536770075
episode_620,c_5,c_6,c_10,m_1,0.6463,1.014169668
episode_621,c_5,m_2,c_8,c_3,0.7447,0.7732150639
episode_622,c_5,c_7,c_11,c_5,0.6988,0.9919764143
episode_623,c_6,s,-,-,0.6857,0.9753169553
episode_624,c_12,c_8,c_7,c_7,0.734,0.7822577657
episode_625,c_12,c_12,c_3,c_5,0.7529,0.7397268837
episode_626,c_6,c_7,s,-,0.6826,0.943082867
episode_627,c_2,c_7,c_6,c_10,0.7456,0.7559400081
episode_628,c_7,c_1,c_5,c_2,0.7165,0.8436643237
episode_629,m_2,c_11,c_5,m_3,0.7296,0.7877979764
episode_630,c_10,c_7,m_3,c_10,0.7169,0.8043887445
episode_631,c_3,m_3,c_8,s,0.7392,0.772942762
episode_632,c_12,c_8,c_1,c_8,0.7006,0.881108086
episode_633,c_5,c_9,c_3,c_4,0.7401,0.7828069387
episode_634,c_8,c_9,c_1,c_12,0.716,0.8883403929
episode_635,c_6,c_8,c_7,m_1,0.7279,0.8091844293
episode_636,c_6,c_10,c_11,c_10,0.6819,0.9516145125
episode_637,c_7,c_9,c_4,c_10,0.6996,1.0208803638
episode_638,c_2,c_11,c_3,c_4,0.7101,0.8256482285
episode_639,c_1,m_1,c_4,c_4,0.7195,0.8503589423
episode_640,c_3,c_10,c_9,c_12,0.7423,0.8250940429
episode_641,c_5,c_1,c_9,c_10,0.7165,0.8692951122
episode_642,c_5,c_7,c_5,m_1,0.7118,0.8365593143
episode_643,c_7,c_8,c_11,m_2,0.7176,0.8340048463
episode_644,c_1,c_8,c_12,c_2,0.7299,0.8325163904
episode_645,c_10,c_10,c_3,m_2,0.7397,0.7786503798
episode_646,c_1,c_5,c_7,c_12,0.7129,0.8651971282
episode_647,c_12,c_4,m_1,c_2,0.7394,0.7735637818
episode_648,c_7,c_5,c_4,c_10,0.7288,0.8193512447
episode_649,c_8,c_7,c_5,c_12,0.7191,0.8306212075
episode_650,c_6,c_2,c_3,c_12,0.7446,0.7544083427
episode_651,c_3,m_2,c_8,c_9,0.7387,0.7942846444
episode_652,c_6,c_4,c_10,m_1,0.7124,0.8583398746
episode_653,c_5,c_10,c_9,c_12,0.7601,0.7183190886
episode_654,c_3,c_4,s,-,0.702,0.8667628729
episode_655,c_6,c_11,c_4,c_9,0.7161,0.8539475494
episode_656,c_12,m_2,m_3,c_9,0.7583,0.725265466
episode_657,c_9,m_1,m_1,m_2,0.7143,0.8729472586
episode_658,c_4,c_8,c_6,c_9,0.748,0.7417668377
episode_659,c_2,m_1,c_1,c_11,0.7533,0.7513059779
episode_660,c_12,c_6,s,-,0.7254,0.8520607018
episode_661,c_12,c_12,c_7,c_7,0.7405,0.7711323669
episode_662,c_11,m_2,c_1,c_7,0.7265,0.8046319703
episode_663,c_6,c_4,c_7,m_2,0.7264,0.8024836096
episode_664,c_4,c_9,c_1,c_4,0.7098,0.8514613434
episode_665,c_7,c_4,c_1,c_12,0.7328,0.8202132907
episode_666,c_5,m_1,c_2,c_10,0.7191,0.8320347185
episode_667,c_1,c_6,c_4,c_3,0.7267,0.8151860174
episode_668,c_5,m_3,c_3,c_7,0.7265,0.7913383373
episode_669,c_5,m_2,c_2,c_7,0.677,0.9405006981
episode_670,c_6,c_4,c_9,c_12,0.7036,0.9035053473
episode_671,c_8,c_3,c_2,c_8,0.6984,0.8682634302
episode_672,m_2,c_11,c_5,m_3,0.7296,0.7877979764
episode_673,c_11,c_5,c_7,c_11,0.7241,0.8260814952
episode_674,c_9,c_11,c_7,m_3,0.7087,0.8927543093
episode_675,c_11,c_6,c_8,m_2,0.7314,0.7863259398
episode_676,c_7,c_9,c_4,c_7,0.6981,0.8792106594
episode_677,c_3,c_11,c_8,c_11,0.7302,0.7891441992
episode_678,c_6,c_1,c_1,c_3,0.7273,0.8426747316
episode_679,c_10,m_3,c_1,c_4,0.7268,0.8122745566
episode_680,c_1,c_5,c_6,m_1,0.7208,0.8415206656
episode_681,c_2,c_9,m_1,c_11,0.747,0.8209638706
episode_682,c_10,m_2,c_4,m_1,0.7081,0.8798062956
episode_683,c_9,m_2,m_3,c_8,0.7296,0.7913856536
episode_684,c_6,c_8,m_2,c_8,0.7472,0.7397511327
episode_685,c_1,c_5,c_6,c_12,0.7189,0.8191004657
episode_686,c_12,c_8,m_2,c_10,0.7453,0.8392773922
episode_687,c_11,c_12,c_9,c_9,0.7599,0.7558115169
episode_688,c_6,c_2,c_3,m_2,0.7109,0.86905144
episode_689,c_12,c_1,c_5,c_5,0.7232,0.8240400003
episode_690,c_5,c_10,c_3,c_9,0.7389,0.7915308465
episode_691,m_3,s,-,-,0.6918,0.8995718562
episode_692,c_6,c_9,c_2,c_8,0.7323,0.8101150307
episode_693,c_3,c_6,c_10,c_1,0.7332,0.8003782773
episode_694,c_12,c_7,c_5,m_2,0.73,0.8104104214
episode_695,m_1,s,-,-,0.6512,1.0135904365
episode_696,c_2,m_3,c_7,c_8,0.7466,0.753097322
episode_697,c_4,c_1,c_7,c_2,0.6979,0.8998645809
episode_698,c_12,c_10,c_12,s,0.7455,0.7511633276
episode_699,c_1,c_4,c_4,c_11,0.7302,0.7863324653
episode_700,c_11,c_3,s,-,0.7029,0.8693831643
episode_701,c_4,m_2,m_3,c_6,0.6772,0.922512601
episode_702,c_4,c_12,m_3,c_5,0.7744,0.6778273486
episode_703,c_8,c_1,c_4,c_1,0.6849,0.9652672208
episode_704,c_3,m_3,c_4,c_1,0.7368,0.7635866326
episode_705,c_5,c_10,c_9,c_6,0.7319,0.7875219831
episode_706,c_12,s,-,-,0.6803,0.9452649376
episode_707,c_9,c_9,m_1,c_1,0.7373,0.7801900728
episode_708,c_4,m_2,m_3,c_6,0.6772,0.922512601
episode_709,c_9,c_4,c_6,c_2,0.7239,0.8449650784
episode_710,c_2,m_1,c_11,c_8,0.751,0.7672568354
episode_711,c_4,c_6,c_11,s,0.711,0.84820136
episode_712,c_6,m_1,c_2,c_7,0.7344,0.7785525677
episode_713,c_7,m_1,c_2,m_1,0.7185,0.8180349734
episode_714,c_2,m_1,c_11,c_9,0.7627,0.7243173011
episode_715,c_1,c_6,c_4,c_3,0.7267,0.8151860174
episode_716,c_5,c_6,c_5,c_10,0.6975,0.9000327958
episode_717,c_6,c_8,c_7,m_1,0.7279,0.8091844293
episode_718,c_9,m_3,c_5,c_2,0.764,0.7067803078
episode_719,c_10,m_1,c_4,c_11,0.739,0.7732443058
episode_720,c_3,c_11,c_4,m_1,0.7401,0.7668442963
episode_721,c_12,c_2,c_1,c_7,0.7053,0.8600726574
episode_722,c_6,m_2,c_1,s,0.717,0.8233514613
episode_723,c_3,c_6,c_1,m_2,0.6813,0.9156428357
episode_724,c_10,c_9,c_6,c_9,0.7404,0.7674590044
episode_725,c_6,c_11,c_12,c_5,0.7161,0.8256734054
episode_726,c_8,m_1,s,-,0.7055,0.8629354924
episode_727,c_1,c_1,c_11,c_6,0.7271,0.8297973987
episode_728,c_7,c_3,c_3,m_1,0.7384,0.7740394232
episode_729,c_4,c_9,c_4,c_12,0.7342,0.8088925929
episode_730,c_5,c_6,c_1,c_6,0.7405,0.7749704713
episode_731,m_2,c_8,m_3,s,0.6891,0.897268104
episode_732,c_10,c_2,c_6,c_3,0.7415,0.7910170586
episode_733,c_11,c_7,c_5,c_10,0.7332,0.7897909986
episode_734,c_10,c_5,c_7,m_3,0.7404,0.7785819832
episode_735,c_2,c_5,m_3,c_6,0.74,0.7556744553
episode_736,c_7,c_11,c_5,c_5,0.7401,0.7677197904
episode_737,c_3,c_11,c_4,m_3,0.7274,0.7873679196
episode_738,c_1,c_4,c_11,m_1,0.7135,0.8356865856
episode_739,c_7,c_4,s,-,0.6994,0.8946182781
episode_740,c_11,m_2,c_1,c_10,0.768,0.7256743255
episode_741,c_3,c_10,c_10,c_10,0.7135,0.8434791435
episode_742,c_6,c_8,c_1,c_7,0.7109,0.841605378
episode_743,c_2,c_1,c_1,c_3,0.7203,0.8291439315
episode_744,m_2,m_3,c_10,c_4,0.6055,1.1048950537
episode_745,c_4,c_7,c_1,c_11,0.718,0.8211727259
episode_746,c_4,m_1,m_2,m_3,0.6604,1.0681402695
episode_747,m_3,c_12,c_1,c_5,0.6786,0.9605158808
episode_748,c_10,c_12,c_12,c_3,0.772,0.6725099054
episode_749,c_5,c_6,c_5,c_10,0.6975,0.9000327958
episode_750,c_1,m_2,c_5,c_5,0.7494,0.7732040018
episode_751,c_5,m_1,m_2,s,0.7092,0.8411604651
episode_752,m_3,c_12,c_3,c_4,0.7104,0.8867726786
episode_753,c_12,c_3,c_7,c_12,0.7385,0.7832659954
episode_754,c_12,c_1,c_6,c_1,0.7349,0.7821212946
episode_755,c_4,c_9,c_2,c_8,0.6914,0.9277446179
episode_756,c_9,c_11,m_3,c_9,0.7804,0.6454612292
episode_757,c_7,c_10,c_3,c_3,0.7222,0.8407313009
episode_758,c_12,c_10,c_8,c_9,0.7564,0.7773288469
episode_759,c_12,c_3,c_2,c_1,0.7275,0.7976920635
episode_760,c_9,c_4,c_5,c_9,0.7022,0.8714258204
episode_761,c_6,c_3,c_8,c_9,0.7614,0.7158518162
episode_762,c_11,c_8,c_2,c_7,0.7296,0.8234360091
episode_763,c_4,c_2,c_6,c_12,0.6993,0.9195123248
episode_764,c_5,c_12,c_12,c_12,0.7309,0.8424393962
episode_765,c_8,c_5,c_8,c_9,0.7401,0.850230186
episode_766,c_4,c_8,m_2,c_1,0.7143,0.8265151773
episode_767,c_1,c_6,c_1,m_3,0.7088,0.8393553137
episode_768,c_9,c_1,c_10,m_2,0.6978,0.8862281027
episode_769,c_3,c_8,c_6,c_10,0.7323,0.8009937073
episode_770,c_7,c_12,m_2,c_5,0.7508,0.7460652253
episode_771,c_3,c_4,c_7,c_11,0.7025,0.9002514707
episode_772,c_1,c_2,m_1,c_1,0.7201,0.8207984342
episode_773,c_7,c_11,c_8,c_4,0.7148,0.8499813066
episode_774,c_7,c_12,c_10,c_11,0.7468,0.7452288258
episode_775,c_4,c_11,c_9,c_11,0.7305,0.8306585573
episode_776,c_6,m_2,c_11,c_6,0.7681,0.7154412151
episode_777,c_1,c_7,c_6,c_8,0.7203,0.79331731
episode_778,c_3,c_1,m_2,c_6,0.7395,0.8050931557
episode_779,c_1,m_2,c_5,c_5,0.7494,0.7732040018
episode_780,c_6,c_4,c_12,c_11,0.7464,0.749322251
episode_781,c_11,c_4,c_11,m_1,0.7,0.8545227153
episode_782,c_6,c_7,c_4,c_1,0.7127,0.8467045276
episode_783,c_3,c_10,c_11,c_10,0.7062,0.8614895272
episode_784,c_7,c_7,c_12,c_7,0.7321,0.8341422264
episode_785,c_3,c_4,m_3,c_10,0.729,0.8218633204
episode_786,m_1,m_3,c_7,m_3,0.552,1.2728513615
episode_787,c_9,c_2,c_3,m_3,0.7154,0.8192665898
episode_788,c_1,c_3,c_3,c_1,0.7349,0.7818603355
episode_789,c_2,c_9,s,-,0.6842,0.9562252809
episode_790,c_7,c_4,c_6,c_11,0.7361,0.7964075973
episode_791,c_5,c_9,c_8,c_6,0.6977,1.006590204
episode_792,c_6,c_8,c_10,c_7,0.7254,0.8263549631
episode_793,c_8,c_10,s,-,0.6833,0.9534517008
episode_794,c_4,c_3,c_8,c_11,0.7422,0.766631689
episode_795,c_5,c_12,c_8,c_1,0.7215,0.8491020701
episode_796,c_4,c_2,m_1,c_12,0.7182,0.8296880108
episode_797,c_8,c_7,c_5,c_12,0.7191,0.8306212075
episode_798,c_10,c_6,c_2,c_9,0.6974,0.9215304744
episode_799,c_3,c_10,m_1,c_6,0.7294,0.8031685129
episode_800,c_5,c_1,c_11,c_12,0.6921,1.0064270259
episode_801,c_11,c_6,c_7,m_3,0.7393,0.7592977126
episode_802,c_10,c_12,c_12,c_3,0.772,0.6725099054
episode_803,c_11,c_8,c_1,c_10,0.7082,0.9111833348
episode_804,c_5,c_4,c_12,c_5,0.697,0.9216766314
episode_805,c_7,c_8,c_9,m_2,0.7443,0.7764315757
episode_806,c_2,m_1,c_8,c_9,0.7736,0.7046771322
episode_807,c_9,c_2,s,-,0.7139,0.8687310364
episode_808,c_7,c_4,s,-,0.6994,0.8946182781
episode_809,c_8,c_8,c_4,c_9,0.7496,0.7632956017
episode_810,c_3,c_4,c_11,c_4,0.7041,0.8602331339
episode_811,m_3,c_9,c_2,c_1,0.6602,0.9961773536
episode_812,c_5,c_11,c_9,c_4,0.7346,0.8004438704
episode_813,c_11,c_7,c_4,c_10,0.7286,0.8185758454
episode_814,c_4,c_1,c_9,c_8,0.7225,0.8127033993
episode_815,c_6,c_4,c_8,c_1,0.7038,0.8797884351
episode_816,c_8,c_12,s,-,0.7119,0.8522771147
episode_817,c_3,c_7,m_3,c_8,0.7321,0.7756573318
episode_818,c_2,m_2,c_1,c_6,0.7354,0.8190943475
episode_819,m_3,c_2,c_1,c_10,0.6857,1.0123296763
episode_820,c_5,c_8,c_5,c_6,0.72,0.8177773091
episode_821,c_9,c_1,c_11,m_3,0.7369,0.808104052
episode_822,c_1,c_10,c_7,s,0.7222,0.8247413548
episode_823,c_7,c_7,c_7,c_7,0.6966,0.8779564311
episode_824,c_3,c_8,c_7,c_8,0.7292,0.7988058241
episode_825,c_7,m_1,c_9,c_10,0.7483,0.761277498
episode_826,c_6,m_3,c_8,s,0.7381,0.7739884102
episode_827,c_1,c_2,m_2,c_2,0.7169,0.8141871968
episode_828,c_3,c_3,c_6,m_1,0.7205,0.8015195292
episode_829,c_5,c_8,c_4,m_1,0.7029,0.8489739115
episode_830,c_12,m_2,c_7,c_1,0.755,0.7229906776
episode_831,c_4,m_2,c_7,s,0.6748,0.9364830389
episode_832,c_12,m_2,c_10,s,0.7389,0.7876333079
episode_833,c_3,c_4,c_12,c_6,0.7548,0.7527579012
episode_834,m_3,c_11,c_5,c_5,0.7039,0.895435882
episode_835,c_2,c_5,m_2,c_4,0.6878,0.8909885422
episode_836,c_5,c_10,c_9,c_6,0.7319,0.7875219831
episode_837,c_10,c_7,c_5,m_2,0.7204,0.8318778661
episode_838,c_8,c_11,s,-,0.6823,0.9216693419
episode_839,c_3,m_1,c_5,c_6,0.7314,0.7829235833
episode_840,c_3,m_2,c_8,c_9,0.7387,0.7942846444
episode_841,c_1,c_3,m_1,c_12,0.7389,0.7658107798
episode_842,c_2,m_2,c_6,c_11,0.7621,0.7118523074
episode_843,c_12,c_10,c_4,c_1,0.7426,0.7869093409
episode_844,c_7,c_12,s,-,0.7081,0.8526553727
episode_845,c_7,c_12,s,-,0.7081,0.8526553727
episode_846,c_1,c_11,c_3,c_6,0.7365,0.7806281323
episode_847,c_3,m_1,c_11,c_4,0.7547,0.7368902138
episode_848,c_8,c_11,c_10,c_2,0.7533,0.7903001865
episode_849,c_7,m_2,m_1,s,0.7191,0.8488991506
episode_850,c_10,c_3,c_11,c_11,0.7209,0.8433535183
episode_851,c_10,c_1,c_2,c_8,0.7146,0.844737805
episode_852,c_2,c_1,c_6,c_11,0.7258,0.8186143458
episode_853,c_1,c_8,c_5,c_11,0.7195,0.8520049053
episode_854,c_10,c_10,c_11,c_7,0.7536,0.7693308115
episode_855,c_3,c_3,c_10,c_9,0.7396,0.7805715912
episode_856,c_11,c_12,c_5,m_3,0.7615,0.6959021748
episode_857,c_1,c_10,c_7,s,0.7222,0.8247413548
episode_858,c_11,m_2,c_12,c_1,0.7276,0.8611870275
episode_859,m_3,c_7,c_12,c_5,0.7045,0.8681744549
episode_860,c_11,m_1,m_1,s,0.7236,0.8043487915
episode_861,c_9,c_2,c_8,m_2,0.71,0.8386000104
episode_862,c_7,c_9,c_2,c_7,0.7322,0.8090004247
episode_863,c_5,c_3,m_1,c_4,0.7051,0.8548794303
episode_864,c_12,c_6,c_5,s,0.7257,0.8286630089
episode_865,c_6,c_3,c_3,c_1,0.7346,0.7870796384
episode_866,c_9,c_7,c_9,c_10,0.7072,0.8593181846
episode_867,c_1,c_11,c_2,c_1,0.738,0.7827855728
episode_868,c_2,c_12,c_7,s,0.7177,0.8411133216
episode_869,c_5,c_4,c_3,m_1,0.7175,0.8146954215
episode_870,c_6,c_6,c_4,m_3,0.7272,0.7731653383
episode_871,c_4,c_3,m_3,m_2,0.7199,0.8205918969
episode_872,c_6,c_6,m_1,m_1,0.7072,0.8569964466
episode_873,c_7,c_3,c_6,c_1,0.7183,0.8288707768
episode_874,m_1,c_7,c_8,c_9,0.6833,1.0054539566
episode_875,c_10,c_10,c_3,c_1,0.744,0.81759966
episode_876,c_3,c_7,c_1,c_8,0.7011,0.8917537936
episode_877,c_4,c_10,c_12,c_10,0.7483,0.7395920904
episode_878,c_7,c_9,m_2,c_3,0.7387,0.7528718933
episode_879,c_9,c_9,c_9,c_3,0.7455,0.7614008203
episode_880,c_4,c_9,c_11,c_3,0.7417,0.7592806885
episode_881,c_12,m_3,c_11,c_5,0.778,0.6720476926
episode_882,c_10,c_1,c_1,c_9,0.724,0.8398697092
episode_883,c_7,c_10,c_3,m_1,0.7227,0.8311607223
episode_884,c_12,c_7,s,-,0.6822,0.9580085474
episode_885,c_7,m_2,c_1,c_9,0.7313,0.8015811863
episode_886,c_10,m_2,s,-,0.6796,0.9340165803
episode_887,c_2,c_7,m_1,c_5,0.7138,0.8776090738
episode_888,c_1,c_5,c_6,c_10,0.6783,1.0345636516
episode_889,c_12,m_1,m_1,c_11,0.717,0.8256935469
episode_890,m_3,c_8,c_11,c_4,0.6688,0.9841967431
episode_891,c_8,s,-,-,0.6822,0.9504524675
episode_892,c_3,c_10,m_1,c_6,0.7294,0.8031685129
episode_893,c_10,c_6,c_1,c_3,0.7434,0.7522839264
episode_894,c_11,c_11,c_6,c_7,0.7227,0.8183976976
episode_895,c_10,c_5,c_10,c_6,0.7262,0.8141283049
episode_896,c_12,c_7,c_1,c_3,0.7462,0.7590766714
episode_897,c_3,c_7,c_2,c_11,0.7279,0.7953396857
episode_898,c_8,c_2,m_3,c_12,0.775,0.6638746689
episode_899,c_1,m_2,c_8,c_1,0.7535,0.7335019248
episode_900,m_1,c_12,m_2,m_1,0.663,0.9834420828
episode_901,c_3,c_12,c_3,c_9,0.7577,0.7437761021
episode_902,c_10,m_1,c_7,c_12,0.7609,0.7327970257
episode_903,c_10,c_5,c_10,c_6,0.7262,0.8141283049
episode_904,c_8,c_3,c_3,c_2,0.7441,0.7612778426
episode_905,c_7,m_1,c_4,m_3,0.6938,0.8914270576
episode_906,c_9,m_2,c_7,c_4,0.7465,0.753491062
episode_907,c_11,m_3,m_2,c_4,0.7125,0.8338005322
episode_908,m_3,c_9,c_2,c_1,0.6602,0.9961773536
episode_909,c_3,c_2,m_3,c_10,0.7232,0.8310182674
episode_910,c_12,c_9,c_10,c_3,0.7353,0.7889003453
episode_911,c_11,c_1,s,-,0.6648,0.9658538896
episode_912,c_11,c_11,c_6,c_7,0.7227,0.8183976976
episode_913,c_10,m_2,c_1,c_7,0.7333,0.7742034185
episode_914,c_3,c_1,c_3,s,0.7134,0.8552362526
episode_915,c_7,c_10,m_2,s,0.6695,0.990557504
episode_916,c_6,c_11,m_2,c_7,0.7298,0.7924673386
episode_917,c_8,c_7,c_5,c_12,0.7191,0.8306212075
episode_918,c_4,c_7,m_3,c_11,0.7509,0.7484703567
episode_919,c_9,c_1,c_4,c_5,0.7113,0.9032897329
episode_920,c_8,c_5,c_9,m_3,0.7238,0.8241757442
episode_921,m_2,m_2,c_4,c_6,0.5937,1.1657395552
episode_922,c_3,m_1,c_4,m_1,0.6682,0.9526095943
episode_923,c_6,c_11,c_8,c_8,0.7429,0.7795238375
episode_924,c_9,c_2,c_10,c_8,0.7368,0.7838314301
episode_925,c_3,c_3,c_10,c_8,0.7419,0.7636387531
episode_926,c_10,c_10,c_3,c_2,0.7414,0.7779434106
episode_927,c_6,c_5,c_3,c_8,0.7208,0.8414889071
episode_928,c_1,c_8,c_7,m_2,0.7217,0.7946714757
episode_929,c_7,c_6,c_6,m_1,0.7404,0.8498554743
episode_930,c_9,c_7,c_4,c_11,0.7237,0.825305896
episode_931,c_2,m_2,c_4,s,0.7026,0.8730518569
episode_932,c_11,c_2,c_8,m_3,0.6865,0.9093677519
episode_933,c_11,c_6,c_8,m_2,0.7314,0.7863259398
episode_934,c_10,c_10,c_9,c_1,0.7295,0.8125290442
episode_935,c_9,m_3,m_1,m_2,0.7035,0.931039506
episode_936,c_5,c_4,c_9,m_1,0.7211,0.8335338974
episode_937,c_11,s,-,-,0.6841,0.9466346931
episode_938,c_3,m_1,c_7,c_9,0.7416,0.8156670705
episode_939,c_10,c_11,c_1,c_10,0.7374,0.8067262404
episode_940,c_2,c_11,m_1,m_1,0.7327,0.7872689457
episode_941,c_4,c_6,m_1,c_11,0.7292,0.8434698656
episode_942,c_3,c_5,c_12,c_8,0.7461,0.7895703685
episode_943,c_4,c_2,c_5,c_10,0.7116,0.8328255834
episode_944,c_6,m_3,c_9,c_11,0.7832,0.6501892401
episode_945,c_2,c_11,c_1,c_12,0.7276,0.8038307641
episode_946,c_10,m_1,c_6,c_3,0.7479,0.7444739493
episode_947,c_11,m_2,c_6,c_5,0.7385,0.7728996809
episode_948,c_7,c_2,c_5,m_1,0.7077,0.8626089116
episode_949,c_10,c_10,c_11,c_7,0.7536,0.7693308115
episode_950,c_6,c_8,m_2,c_8,0.7472,0.7397511327
episode_951,c_5,c_11,c_9,c_4,0.7346,0.8004438704
episode_952,c_5,c_5,c_10,c_4,0.7469,0.7531257272
episode_953,c_10,c_7,c_12,s,0.7293,0.8387213851
episode_954,c_12,m_1,c_7,c_2,0.7329,0.849814771
episode_955,c_8,c_8,c_3,c_9,0.7161,0.8556530501
episode_956,c_7,c_10,c_3,m_2,0.7386,0.7568700913
episode_957,c_8,m_2,c_5,c_12,0.7729,0.7266658715
episode_958,c_5,c_1,m_2,c_8,0.7324,0.8091076883
episode_959,c_12,m_1,c_5,c_11,0.757,0.7347015918
episode_960,m_1,c_6,m_2,c_6,0.6966,0.8887520419
episode_961,c_12,c_10,c_8,c_9,0.7564,0.7773288469
episode_962,c_1,c_9,s,-,0.707,0.8873637054
episode_963,c_3,c_10,c_1,c_9,0.7367,0.8488403857
episode_964,c_3,c_10,c_3,m_3,0.7434,0.7453223552
episode_965,c_9,c_12,m_3,c_6,0.7762,0.6634890669
episode_966,c_4,c_5,c_7,c_7,0.6847,0.9220500547
episode_967,c_10,c_11,c_1,c_10,0.7374,0.8067262404
episode_968,c_1,c_10,c_9,c_11,0.719,0.8492443096
episode_969,c_4,m_1,m_1,c_3,0.7041,0.8408856823
episode_970,c_10,c_1,c_4,c_11,0.7264,0.8143873209
episode_971,c_1,m_2,c_10,c_5,0.7504,0.780683126
episode_972,c_1,c_7,c_9,c_9,0.7586,0.7324546658
episode_973,c_7,c_10,c_10,c_11,0.7073,0.8542714598
episode_974,c_2,c_1,c_12,c_6,0.7171,0.8635175241
episode_975,c_3,c_6,c_7,c_7,0.7364,0.7914828366
episode_976,c_10,m_1,c_9,c_11,0.7719,0.7163165995
episode_977,c_7,c_10,c_11,c_10,0.7383,0.7716200436
episode_978,c_2,c_1,c_12,c_5,0.7322,0.7816410814
episode_979,c_5,c_1,c_11,m_1,0.7132,0.8443083076
episode_980,c_1,m_3,c_8,m_2,0.7361,0.7713797514
episode_981,c_9,c_11,c_1,c_10,0.7402,0.7766670685
episode_982,c_1,s,-,-,0.6824,0.9222057566
episode_983,c_3,c_4,c_6,c_11,0.7446,0.7642451825
episode_984,c_7,m_2,c_6,c_4,0.7163,0.8201699578
episode_985,c_9,c_11,m_1,c_3,0.7222,0.8241986485
episode_986,c_1,c_9,c_8,c_3,0.7446,0.7984446157
episode_987,c_6,c_7,c_8,c_10,0.7251,0.7993954341
episode_988,c_5,c_11,c_11,c_4,0.7327,0.8042854309
episode_989,m_3,c_4,c_10,c_10,0.6823,0.9788202216
episode_990,c_12,c_3,c_7,m_1,0.7288,0.7947791016
episode_991,c_12,m_3,c_8,c_10,0.7596,0.7145714473
episode_992,c_12,c_10,c_6,m_3,0.761,0.7030323519
episode_993,c_1,c_5,c_10,c_9,0.7282,0.8140822629
episode_994,c_3,c_12,m_3,c_1,0.7612,0.6971868226
episode_995,c_7,c_5,m_2,c_6,0.7377,0.7601529001
episode_996,c_2,c_9,c_7,m_1,0.723,0.8068863038
episode_997,c_10,c_7,c_11,c_10,0.7295,0.7838135236
episode_998,c_3,m_2,c_8,c_9,0.7387,0.7942846444
episode_999,c_12,m_3,c_6,c_8,0.7434,0.7955034499
episode_1000,c_4,c_6,m_2,c_10,0.7146,0.9074715097
episode_1001,c_3,c_1,c_6,m_3,0.721,0.8069136542
episode_1002,c_6,c_6,c_5,c_4,0.71,0.8619048816
episode_1003,c_2,c_11,m_1,m_1,0.7327,0.7872689457
episode_1004,c_8,m_1,m_1,m_3,0.6981,0.9331337324
episode_1005,c_4,m_2,c_2,c_2,0.7388,0.7698941817
episode_1006,c_8,c_4,s,-,0.6848,0.9017666427
episode_1007,c_2,c_7,m_2,c_8,0.7222,0.8051841713
episode_1008,c_6,c_6,c_8,c_8,0.727,0.8598706117
episode_1009,c_5,c_5,c_10,c_4,0.7469,0.7531257272
episode_1010,c_4,c_2,c_10,c_6,0.728,0.8847059436
episode_1011,c_12,m_2,c_1,c_1,0.7329,0.8027265525
episode_1012,c_9,c_10,c_1,m_3,0.7405,0.7688719716
episode_1013,c_7,c_4,s,-,0.6994,0.8946182781
episode_1014,c_4,c_11,c_7,c_6,0.6841,0.9230426995
episode_1015,c_1,c_3,c_9,c_9,0.7339,0.8407261132
episode_1016,c_7,c_9,c_5,c_12,0.6895,0.998207092
episode_1017,c_11,m_3,m_2,c_4,0.7125,0.8338005322
episode_1018,c_12,c_11,c_1,c_6,0.7467,0.7497600924
episode_1019,c_2,c_4,c_5,c_11,0.677,0.9576203646
episode_1020,c_6,c_8,m_2,c_8,0.7472,0.7397511327
episode_1021,c_1,m_3,m_2,c_5,0.6873,0.9039675798
episode_1022,c_9,m_2,m_3,c_8,0.7296,0.7913856536
episode_1023,c_6,c_12,c_3,c_3,0.7468,0.7484194505
episode_1024,c_9,c_9,c_1,s,0.7251,0.8849863998
episode_1025,c_12,m_1,c_10,s,0.7347,0.8385306963
episode_1026,c_1,c_4,c_9,c_7,0.697,0.9077306472
episode_1027,c_5,c_8,c_11,c_9,0.7302,0.8044698994
episode_1028,c_7,c_2,c_3,m_2,0.714,0.8254394261
episode_1029,c_11,c_6,m_2,c_2,0.7481,0.7643162394
episode_1030,c_5,c_1,c_11,c_12,0.6921,1.0064270259
episode_1031,c_7,c_11,c_8,c_4,0.7148,0.8499813066
episode_1032,c_7,c_6,c_11,m_2,0.7188,0.8405251194
episode_1033,m_3,m_1,c_1,c_9,0.6263,1.0576677496
episode_1034,c_9,c_7,c_9,c_10,0.7072,0.8593181846
episode_1035,c_12,c_10,c_7,c_6,0.7388,0.7821158164
episode_1036,c_12,m_2,c_1,c_1,0.7329,0.8027265525
episode_1037,c_6,c_9,c_4,c_10,0.7349,0.7896136202
episode_1038,c_10,c_6,s,-,0.6832,0.9411972136
episode_1039,c_3,c_3,m_3,m_2,0.7146,0.8301203687
episode_1040,c_6,c_5,c_2,c_11,0.7105,0.8860661476
episode_1041,c_2,m_1,c_8,c_9,0.7736,0.7046771322
episode_1042,c_11,c_2,c_8,m_3,0.6865,0.9093677519
episode_1043,c_3,c_11,c_5,c_8,0.7279,0.7894642309
episode_1044,c_7,c_3,c_10,m_2,0.7139,0.8433853365
episode_1045,c_5,c_4,c_4,c_11,0.706,0.8899975504
episode_1046,c_10,c_5,c_7,c_1,0.7325,0.7933563877
episode_1047,c_3,c_4,c_8,m_2,0.7254,0.7945676965
episode_1048,c_10,m_1,c_2,c_7,0.7293,0.8125205677
episode_1049,m_1,c_7,s,-,0.6656,0.9976154846
episode_1050,c_1,m_2,c_10,c_5,0.7504,0.780683126
episode_1051,c_11,c_1,c_4,c_1,0.6785,0.9445960993
episode_1052,c_7,c_10,c_2,m_2,0.6946,0.8837661983
episode_1053,c_1,s,-,-,0.6824,0.9222057566
episode_1054,c_4,m_1,m_1,c_3,0.7041,0.8408856823
episode_1055,c_2,c_5,c_5,c_7,0.7198,0.8222274322
episode_1056,c_12,c_12,c_11,m_2,0.7476,0.7528800495
episode_1057,c_4,c_11,m_2,c_12,0.7617,0.7110886818
episode_1058,c_1,c_8,m_3,c_8,0.7562,0.7250076348
episode_1059,c_3,c_10,c_4,s,0.6881,0.9133847972
episode_1060,c_5,c_11,c_12,c_2,0.7396,0.7768695555
episode_1061,c_1,c_7,c_6,c_8,0.7203,0.79331731
episode_1062,c_11,c_9,c_2,c_11,0.7238,0.8402155328
episode_1063,m_2,m_2,c_9,s,0.6511,0.993435927
episode_1064,c_11,m_1,c_2,c_11,0.7626,0.7000835917
episode_1065,c_4,c_9,c_1,c_9,0.7131,0.8409836168
episode_1066,c_10,c_7,m_3,c_10,0.7169,0.8043887445
episode_1067,c_1,c_2,c_12,c_12,0.7484,0.7550197667
episode_1068,c_4,c_8,c_11,s,0.7367,0.8082852464
episode_1069,c_5,c_1,c_11,m_1,0.7132,0.8443083076
episode_1070,c_8,c_12,c_12,c_1,0.7143,0.8850316566
episode_1071,c_4,c_4,c_3,c_11,0.7284,0.8173319738
episode_1072,c_11,m_2,m_2,c_10,0.7579,0.7428108176
episode_1073,c_3,c_7,c_10,m_2,0.7019,0.8741518708
episode_1074,c_12,c_4,c_6,c_11,0.7498,0.7797471115
episode_1075,m_2,c_9,c_12,m_3,0.7081,0.8480791665
episode_1076,c_8,m_3,c_9,c_12,0.7845,0.6659585208
episode_1077,c_4,c_7,m_3,c_11,0.7509,0.7484703567
episode_1078,c_6,c_2,m_3,c_12,0.7656,0.6970809982
episode_1079,c_2,c_2,c_4,c_6,0.7345,0.7922038509
episode_1080,c_5,m_3,c_8,c_6,0.7322,0.7941829334
episode_1081,c_4,c_1,c_3,c_3,0.7342,0.8067831639
episode_1082,c_6,c_12,c_3,c_3,0.7468,0.7484194505
episode_1083,c_8,m_1,m_1,m_3,0.6981,0.9331337324
episode_1084,c_7,c_10,c_3,m_2,0.7386,0.7568700913
episode_1085,c_6,c_4,c_4,m_3,0.7253,0.797657841
episode_1086,c_6,c_4,c_11,m_3,0.7255,0.8082420386
episode_1087,c_6,c_4,c_8,c_5,0.7318,0.8032078597
episode_1088,c_3,c_12,m_3,c_1,0.7612,0.6971868226
episode_1089,c_9,c_1,c_11,m_3,0.7369,0.808104052
episode_1090,c_10,m_1,c_7,m_2,0.717,0.8430352836
episode_1091,c_11,c_6,c_12,c_6,0.7766,0.7165703592
episode_1092,c_8,m_1,c_9,c_2,0.7537,0.7363906955
episode_1093,c_12,m_3,c_1,c_8,0.7468,0.7284915247
episode_1094,c_7,c_7,c_3,c_10,0.7328,0.803633564
episode_1095,c_7,m_1,c_2,m_1,0.7185,0.8180349734
episode_1096,c_3,c_10,m_1,c_6,0.7294,0.8031685129
episode_1097,c_7,c_2,c_8,c_5,0.6981,0.9728408538
episode_1098,c_8,c_6,c_2,m_3,0.7275,0.7705446959
episode_1099,c_8,c_11,s,-,0.6823,0.9216693419
episode_1100,c_6,c_11,c_8,c_8,0.7429,0.7795238375
episode_1101,c_9,c_10,c_4,c_7,0.7197,0.8672604976
episode_1102,c_11,c_10,c_9,c_8,0.6926,0.9225399631
episode_1103,c_2,c_5,c_4,c_3,0.7176,0.8333778988
episode_1104,c_5,c_10,c_6,c_10,0.7291,0.7995486699
episode_1105,c_4,c_6,m_1,m_3,0.7348,0.7779140927
episode_1106,c_7,c_11,c_3,c_9,0.7592,0.72615388
episode_1107,c_4,c_10,c_3,c_3,0.7385,0.7836512778
episode_1108,c_6,c_4,c_8,c_1,0.7038,0.8797884351
episode_1109,c_6,m_3,c_12,m_2,0.7633,0.6977695409
episode_1110,c_4,c_7,c_1,m_1,0.7092,0.8688601993
episode_1111,c_4,c_2,c_10,c_11,0.6584,1.0560155879
episode_1112,c_9,c_11,m_3,c_9,0.7804,0.6454612292
episode_1113,c_8,c_12,c_1,s,0.704,0.9129950622
episode_1114,c_6,c_12,c_7,c_12,0.7165,0.8765576422
episode_1115,c_12,c_2,c_5,c_7,0.7373,0.7964193786
episode_1116,c_1,c_7,c_3,c_12,0.7448,0.7979235147
episode_1117,c_3,c_8,c_5,s,0.7145,0.8202462602
episode_1118,m_3,c_10,c_8,c_4,0.6754,0.984139538
episode_1119,c_3,c_7,c_2,c_11,0.7279,0.7953396857
episode_1120,c_2,c_11,c_11,m_2,0.7043,0.8947805203
episode_1121,c_1,c_5,c_10,c_9,0.7282,0.8140822629
episode_1122,c_9,c_5,c_9,c_12,0.7329,0.841494926
episode_1123,c_4,c_11,c_1,c_8,0.7213,0.8130886883
episode_1124,c_11,c_6,c_4,c_3,0.7179,0.8176234499
episode_1125,c_4,c_7,m_3,c_11,0.7509,0.7484703567
episode_1126,c_9,m_3,c_5,c_1,0.7455,0.7539090007
episode_1127,c_6,c_1,c_7,c_3,0.7297,0.8326694029
episode_1128,c_10,m_2,c_2,c_6,0.766,0.7099362363
episode_1129,c_3,c_10,s,-,0.6918,0.8943730098
episode_1130,c_10,m_1,c_2,c_7,0.7293,0.8125205677
episode_1131,m_3,c_12,c_11,c_2,0.7021,0.8953205409
episode_1132,c_4,c_10,s,-,0.6947,0.8927841838
episode_1133,c_4,c_3,m_3,m_2,0.7199,0.8205918969
episode_1134,c_11,c_9,m_3,c_9,0.7782,0.6462198763
episode_1135,c_4,c_7,c_7,c_1,0.6961,0.8853575271
episode_1136,c_11,m_3,m_2,c_5,0.7012,0.8634085464
episode_1137,c_10,c_7,s,-,0.7117,0.8413266377
episode_1138,c_7,c_1,c_5,c_2,0.7165,0.8436643237
episode_1139,c_6,c_4,c_9,c_12,0.7036,0.9035053473
episode_1140,c_4,c_7,c_11,m_1,0.7291,0.8230801157
episode_1141,c_7,c_9,c_11,c_11,0.7496,0.7627056499
episode_1142,c_2,c_1,m_2,c_8,0.7056,0.8649997373
episode_1143,c_10,c_9,c_7,c_8,0.7608,0.7137064576
episode_1144,c_7,c_10,c_5,c_5,0.7354,0.793348402
episode_1145,c_10,c_4,c_2,c_2,0.731,0.7900092339
episode_1146,c_2,c_4,c_9,c_8,0.7435,0.7618846831
episode_1147,c_9,c_2,c_10,c_8,0.7368,0.7838314301
episode_1148,c_6,c_3,c_12,c_3,0.7418,0.7756717395
episode_1149,c_11,c_3,c_11,m_3,0.7592,0.7185576933
episode_1150,c_9,c_7,c_10,c_8,0.7207,0.8459295054
episode_1151,c_6,c_12,c_7,c_12,0.7165,0.8765576422
episode_1152,m_3,c_10,c_5,s,0.6909,0.9065854813
episode_1153,c_6,c_12,c_1,c_8,0.7212,0.8423475908
episode_1154,c_4,c_4,m_2,c_4,0.6799,0.9471903784
episode_1155,c_5,c_11,c_12,c_2,0.7396,0.7768695555
episode_1156,c_3,c_5,c_11,m_2,0.73,0.7938007363
episode_1157,c_4,c_3,m_1,m_2,0.6926,0.8925090699
episode_1158,c_9,c_4,m_1,c_9,0.7439,0.7594102645
episode_1159,c_9,c_7,c_1,c_11,0.7163,0.8495640209
episode_1160,c_7,c_10,c_3,m_1,0.7227,0.8311607223
episode_1161,c_10,c_5,c_2,c_2,0.7251,0.8041000025
episode_1162,c_1,c_9,c_8,c_3,0.7446,0.7984446157
episode_1163,c_5,m_1,m_2,c_9,0.7172,0.8366363506
episode_1164,c_3,c_7,c_9,c_4,0.7168,0.8221842262
episode_1165,m_3,c_12,c_4,c_12,0.7322,0.8694114029
episode_1166,c_5,c_4,m_3,c_11,0.7391,0.7554947794
episode_1167,c_9,c_2,c_6,m_3,0.7413,0.7577189136
episode_1168,c_4,c_5,c_12,c_1,0.7253,0.8181464601
episode_1169,m_1,c_12,m_2,m_1,0.663,0.9834420828
episode_1170,c_5,c_2,m_1,c_11,0.6695,0.943836349
episode_1171,m_3,c_12,c_3,c_4,0.7104,0.8867726786
episode_1172,c_9,m_3,c_8,c_11,0.7711,0.7193366932
episode_1173,c_11,c_5,c_7,c_7,0.6933,0.9505916556
episode_1174,c_7,c_3,c_4,c_10,0.7047,0.9021214833
episode_1175,c_2,c_7,m_1,c_5,0.7138,0.8776090738
episode_1176,c_3,c_8,c_3,m_1,0.708,0.8546552989
episode_1177,c_10,m_1,c_7,c_12,0.7609,0.7327970257
episode_1178,c_3,c_4,c_4,c_9,0.6947,0.8988509561
episode_1179,c_7,c_4,c_1,c_7,0.7322,0.8172239341
episode_1180,c_5,c_7,c_10,s,0.7041,0.8619591812
episode_1181,c_12,c_1,c_5,c_5,0.7232,0.8240400003
episode_1182,c_2,c_8,c_10,c_12,0.732,0.8074704581
episode_1183,m_2,c_9,c_8,m_1,0.6968,0.8861066705
episode_1184,c_9,c_2,c_6,m_3,0.7413,0.7577189136
episode_1185,c_4,c_12,c_4,c_4,0.7282,0.8327663187
episode_1186,c_7,c_11,c_7,c_2,0.7527,0.7452207472
episode_1187,c_10,c_12,c_3,s,0.7365,0.7831371754
episode_1188,c_10,c_12,c_8,c_1,0.7179,0.8777930419
episode_1189,c_7,c_3,c_2,m_3,0.7007,0.8564022744
episode_1190,c_11,m_2,m_2,c_9,0.7552,0.7411308552
episode_1191,c_4,m_1,m_3,c_4,0.6914,0.9267254698
episode_1192,c_3,c_2,s,-,0.6847,0.9131773911
episode_1193,c_12,c_10,c_3,c_3,0.7383,0.7778798167
episode_1194,c_10,c_9,s,-,0.6977,0.8804154019
episode_1195,c_9,m_3,c_4,c_9,0.7695,0.7028476385
episode_1196,c_11,c_9,c_2,c_11,0.7238,0.8402155328
episode_1197,m_2,m_2,c_9,s,0.6511,0.993435927
episode_1198,c_9,c_2,c_11,c_2,0.744,0.7935853992
episode_1199,c_2,m_1,c_5,s,0.7142,0.8467489408
episode_1200,c_11,c_9,c_9,c_5,0.7398,0.8301685802
episode_1201,c_12,c_12,c_3,c_5,0.7529,0.7397268837
episode_1202,c_3,c_11,c_4,m_1,0.7401,0.7668442963
episode_1203,c_9,c_7,c_10,c_5,0.7101,0.8781219827
episode_1204,c_7,c_3,c_2,m_3,0.7007,0.8564022744
episode_1205,c_7,c_1,c_3,c_1,0.7115,0.8477771933
episode_1206,c_6,c_10,c_1,c_7,0.7012,0.8896759444
episode_1207,c_11,c_3,c_5,s,0.7248,0.8020552769
episode_1208,c_6,c_2,c_11,c_10,0.7313,0.8197697163
episode_1209,c_8,m_3,c_12,c_12,0.7729,0.7123670655
episode_1210,c_2,c_9,m_1,c_11,0.747,0.8209638706
episode_1211,c_10,c_1,c_12,c_3,0.7562,0.7502610938
episode_1212,c_10,c_4,c_2,c_2,0.731,0.7900092339
episode_1213,c_7,c_5,c_3,c_2,0.7228,0.8870590949
episode_1214,c_7,c_2,c_7,c_10,0.7274,0.8126425457
episode_1215,m_2,m_2,c_4,c_6,0.5937,1.1657395552
episode_1216,c_2,c_11,c_1,c_12,0.7276,0.8038307641
episode_1217,c_5,c_7,c_12,m_2,0.7164,0.8195805932
episode_1218,c_2,m_2,s,-,0.7162,0.8563941421
episode_1219,c_7,c_6,c_11,m_3,0.7449,0.7797667651
episode_1220,c_5,c_10,c_1,c_10,0.6763,1.062360374
episode_1221,c_7,c_6,c_2,c_7,0.7085,0.8946623439
episode_1222,c_7,c_10,s,-,0.654,1.0063685571
episode_1223,c_11,c_10,m_3,c_10,0.7717,0.7231780836
episode_1224,c_11,c_8,c_10,m_1,0.7218,0.8112955083
episode_1225,c_10,c_8,c_5,m_2,0.7137,0.8387665653
episode_1226,c_4,c_6,c_11,s,0.711,0.84820136
episode_1227,c_1,c_12,m_1,c_7,0.7242,0.8232263192
episode_1228,c_5,c_11,c_10,c_6,0.716,0.8336110063
episode_1229,c_11,c_5,m_3,c_11,0.7665,0.7025257262
episode_1230,c_4,c_7,m_3,c_11,0.7509,0.7484703567
episode_1231,c_7,c_11,c_5,c_2,0.6912,0.9032417877
episode_1232,c_5,c_4,m_3,c_11,0.7391,0.7554947794
episode_1233,c_12,c_1,c_7,c_12,0.707,0.8447198479
episode_1234,c_6,c_9,c_6,s,0.731,0.8075001251
episode_1235,c_12,m_3,c_11,s,0.776,0.6863665084
episode_1236,c_1,c_8,c_4,c_8,0.7032,0.8926340031
episode_1237,c_5,c_11,c_9,c_4,0.7346,0.8004438704
episode_1238,c_10,c_5,c_7,c_9,0.717,0.8397955895
episode_1239,c_7,c_10,c_3,m_1,0.7227,0.8311607223
episode_1240,c_2,c_9,c_5,m_2,0.7256,0.8122290437
episode_1241,c_1,s,-,-,0.6824,0.9222057566
episode_1242,c_1,c_3,s,-,0.6738,0.9468688019
episode_1243,c_7,c_8,m_3,c_9,0.7635,0.6926734361
episode_1244,c_2,c_9,c_10,c_6,0.7448,0.7494242482
episode_1245,c_6,c_4,c_10,m_1,0.7124,0.8583398746
episode_1246,c_2,c_11,s,-,0.7027,0.8776281724
episode_1247,c_9,m_2,c_8,m_1,0.7417,0.7567762444
episode_1248,c_10,c_6,c_9,c_10,0.756,0.7291960112
episode_1249,c_7,c_9,m_2,m_1,0.7285,0.8107211583
episode_1250,c_12,m_2,c_9,c_5,0.7626,0.6956959653
episode_1251,m_3,c_7,c_8,m_2,0.6871,0.8949398999
episode_1252,c_3,c_6,m_1,c_1,0.6936,0.8744956475
episode_1253,c_1,c_2,s,-,0.6868,0.9153530475
episode_1254,c_5,c_11,c_11,c_4,0.7327,0.8042854309
episode_1255,c_4,c_9,m_2,c_1,0.7297,0.7964161064
episode_1256,c_10,m_1,c_1,c_12,0.7252,0.8375806171
episode_1257,c_8,c_6,c_11,c_3,0.7465,0.7847323103
episode_1258,c_1,c_1,c_12,c_11,0.7502,0.7555090555
episode_1259,c_5,c_2,c_5,c_9,0.7238,0.8053322013
episode_1260,c_5,c_4,c_2,c_7,0.6924,0.8891858989
episode_1261,c_8,c_11,c_6,c_11,0.7186,0.8301504921
episode_1262,c_12,c_9,c_7,s,0.7481,0.759815161
episode_1263,c_9,m_3,m_3,c_6,0.7278,0.7923222198
episode_1264,c_5,c_7,c_3,c_6,0.7155,0.8433741025
episode_1265,c_11,m_3,m_2,c_4,0.7125,0.8338005322
episode_1266,c_6,c_11,c_9,c_2,0.7209,0.8606910947
episode_1267,c_5,c_3,m_1,c_9,0.7389,0.7677965093
episode_1268,c_6,m_2,c_2,s,0.7228,0.8173229758
episode_1269,c_5,c_9,m_3,c_7,0.7424,0.7582964886
episode_1270,c_12,c_3,c_7,c_12,0.7385,0.7832659954
episode_1271,m_2,c_2,c_3,s,0.6809,0.9677875476
episode_1272,c_5,c_7,s,-,0.7177,0.8618602972
episode_1273,c_8,m_1,m_1,m_3,0.6981,0.9331337324
episode_1274,c_5,c_3,c_2,m_3,0.7361,0.7922829527
episode_1275,c_3,m_2,c_2,c_11,0.7631,0.7389475489
episode_1276,c_2,c_6,c_5,c_3,0.7089,0.8734121778
episode_1277,c_1,c_7,c_9,c_3,0.7466,0.7471978688
episode_1278,c_4,c_2,c_6,c_12,0.6993,0.9195123248
episode_1279,c_10,c_5,m_2,c_3,0.7303,0.8128446429
episode_1280,c_12,c_12,c_6,s,0.7243,0.8543385256
episode_1281,c_5,c_12,c_8,c_1,0.7215,0.8491020701
episode_1282,c_2,c_7,m_2,c_8,0.7222,0.8051841713
episode_1283,c_12,c_6,c_11,c_5,0.7204,0.8671355301
episode_1284,c_5,m_1,c_2,m_2,0.702,0.8677793053
episode_1285,c_1,c_8,c_3,c_5,0.7255,0.8044401811
episode_1286,c_12,c_10,c_6,m_3,0.761,0.7030323519
episode_1287,c_11,c_11,c_6,c_7,0.7227,0.8183976976
episode_1288,c_4,m_2,c_8,s,0.7321,0.7955925984
episode_1289,c_2,c_12,c_5,c_6,0.7313,0.7848960535
episode_1290,c_8,c_4,s,-,0.6848,0.9017666427
episode_1291,c_12,c_6,c_5,s,0.7257,0.8286630089
episode_1292,c_7,c_9,c_8,m_1,0.7311,0.7960742263
episode_1293,c_2,c_2,c_12,m_2,0.7219,0.8162461284
episode_1294,c_2,c_8,c_8,s,0.712,0.8558863319
episode_1295,c_6,c_11,c_9,c_2,0.7209,0.8606910947
episode_1296,c_7,c_11,c_3,c_7,0.728,0.8160349374
episode_1297,m_1,c_7,c_11,c_9,0.7106,0.937867742
episode_1298,c_7,c_1,c_2,m_3,0.7344,0.786297687
episode_1299,m_3,c_12,c_4,c_12,0.7322,0.8694114029
episode_1300,c_7,c_1,m_1,c_12,0.7321,0.7884543645
episode_1301,c_12,c_3,m_2,c_10,0.7511,0.7484028455
episode_1302,c_8,c_6,c_6,c_5,0.7317,0.8312984645
episode_1303,c_1,c_12,c_10,c_10,0.7216,0.8260623306
episode_1304,c_10,m_1,c_10,c_6,0.7624,0.7010786333
episode_1305,c_12,c_3,c_2,c_2,0.7247,0.815451955
episode_1306,c_11,c_8,c_12,c_10,0.7457,0.7899988498
episode_1307,m_3,m_2,c_4,c_6,0.6234,1.0578886854
episode_1308,c_1,c_1,c_4,s,0.7083,0.8586752849
episode_1309,c_10,c_3,m_1,c_4,0.7258,0.8116781203
episode_1310,c_7,c_8,c_11,c_2,0.7377,0.769413621
episode_1311,c_8,m_1,s,-,0.7055,0.8629354924
episode_1312,m_1,m_2,m_2,s,0.6384,1.1126739889
episode_1313,c_1,c_4,c_11,m_1,0.7135,0.8356865856
episode_1314,c_9,c_7,c_12,c_7,0.7225,0.8335440655
episode_1315,c_4,c_9,c_11,c_3,0.7417,0.7592806885
episode_1316,c_6,c_6,c_9,c_3,0.751,0.7692899952
episode_1317,m_1,c_10,c_9,c_3,0.7168,0.916889709
episode_1318,m_2,c_1,c_1,c_2,0.6311,1.2002870167
episode_1319,c_4,m_1,m_3,m_3,0.5778,1.2357211792
episode_1320,c_9,m_1,c_6,c_11,0.7624,0.7092132522
episode_1321,c_12,c_6,m_2,m_3,0.7548,0.7268474554
episode_1322,c_1,m_1,s,-,0.676,0.944533562
episode_1323,c_12,c_7,c_3,c_4,0.7156,0.8559521379
episode_1324,m_3,c_12,c_3,c_4,0.7104,0.8867726786
episode_1325,c_11,c_10,m_3,s,0.7379,0.7665145497
episode_1326,c_7,m_1,m_2,c_6,0.7413,0.7792871591
episode_1327,c_6,c_9,c_6,c_6,0.7541,0.7287921838
episode_1328,c_10,c_5,m_2,m_2,0.7503,0.7433742717
episode_1329,c_12,m_3,c_11,c_10,0.7916,0.63901881
episode_1330,c_3,c_2,c_9,c_9,0.7277,0.8106830916
episode_1331,c_5,c_10,c_9,c_12,0.7601,0.7183190886
episode_1332,c_10,c_9,s,-,0.6977,0.8804154019
episode_1333,c_4,c_7,c_3,c_5,0.7259,0.7971174946
episode_1334,c_3,c_9,m_2,m_3,0.7526,0.7388050617
episode_1335,c_5,c_9,c_5,c_10,0.7264,0.82339832
episode_1336,c_4,c_10,c_10,m_1,0.7178,0.8581554181
episode_1337,c_7,c_11,c_8,c_4,0.7148,0.8499813066
episode_1338,c_7,c_12,m_1,s,0.7133,0.8506839561
episode_1339,c_7,c_10,m_3,c_1,0.6976,0.8615250936
episode_1340,c_1,m_3,c_6,c_2,0.6879,0.8919591462
episode_1341,s,-,-,-,0.6474,1.0799983957
episode_1342,c_12,c_11,m_1,c_1,0.7324,0.838797605
episode_1343,c_4,c_10,c_7,c_9,0.7428,0.779880892
episode_1344,c_2,c_5,c_5,c_7,0.7198,0.8222274322
episode_1345,c_9,c_4,c_8,m_3,0.7092,0.8434084589
episode_1346,c_7,c_10,c_10,c_11,0.7073,0.8542714598
episode_1347,c_6,c_1,c_12,c_3,0.7341,0.7908830811
episode_1348,c_9,c_6,c_11,c_10,0.724,0.8099915779
episode_1349,c_10,c_1,c_11,c_6,0.7486,0.7732167593
episode_1350,c_1,c_3,c_6,c_3,0.7183,0.8998389707
episode_1351,c_2,m_3,c_4,c_10,0.7241,0.8281245073
episode_1352,m_3,c_10,c_5,s,0.6909,0.9065854813
episode_1353,c_2,c_1,c_4,c_10,0.6783,1.0622010723
episode_1354,c_3,c_1,m_2,m_1,0.6924,0.8841849092
episode_1355,c_10,m_1,c_9,c_11,0.7719,0.7163165995
episode_1356,c_6,c_11,c_4,s,0.6908,0.8864691418
episode_1357,c_2,c_8,c_12,c_5,0.7401,0.7950368798
episode_1358,c_1,c_8,c_7,m_2,0.7217,0.7946714757
episode_1359,c_8,c_10,c_10,m_3,0.7385,0.7667332468
episode_1360,c_12,c_9,c_10,c_3,0.7353,0.7889003453
episode_1361,c_5,c_2,c_5,c_9,0.7238,0.8053322013
episode_1362,c_3,c_11,c_3,c_5,0.7242,0.8350795701
episode_1363,c_4,c_12,c_11,m_2,0.7417,0.7599012587
episode_1364,c_3,m_3,m_3,c_2,0.6775,0.9138725137
episode_1365,c_8,c_6,m_3,c_4,0.722,0.7940262822
episode_1366,c_1,c_10,c_9,c_11,0.719,0.8492443096
episode_1367,c_3,c_11,c_11,c_3,0.7342,0.8581164735
episode_1368,c_11,m_2,c_1,c_7,0.7265,0.8046319703
episode_1369,c_4,c_5,c_2,c_11,0.7032,0.8820885273
episode_1370,c_9,m_1,c_6,c_11,0.7624,0.7092132522
episode_1371,c_1,c_7,c_9,c_9,0.7586,0.7324546658
episode_1372,c_6,c_4,c_4,c_9,0.7261,0.8127667612
episode_1373,m_2,c_9,c_3,s,0.6951,0.9190976753
episode_1374,c_5,c_9,s,-,0.7092,0.901844762
episode_1375,c_2,m_2,c_11,c_7,0.7297,0.886047211
episode_1376,c_4,c_5,c_2,c_2,0.6904,0.8888825918
episode_1377,c_5,c_10,c_9,s,0.7235,0.8126478773
episode_1378,c_4,c_1,c_4,m_1,0.7063,0.8537296185
episode_1379,c_4,c_3,m_3,m_2,0.7199,0.8205918969
episode_1380,c_12,c_9,c_9,c_8,0.7626,0.7414946794
episode_1381,c_5,c_11,c_6,s,0.7365,0.7537537278
episode_1382,c_3,c_1,c_8,c_2,0.7184,0.8185234864
episode_1383,c_10,c_11,c_1,c_10,0.7374,0.8067262404
episode_1384,c_8,c_11,c_7,m_2,0.7435,0.7699223903
episode_1385,c_6,c_7,c_10,c_5,0.7254,0.8206707748
episode_1386,c_7,c_5,c_12,c_8,0.7268,0.8398371853
episode_1387,c_9,c_4,c_6,c_4,0.7182,0.793753819
episode_1388,c_5,c_11,c_7,c_6,0.7244,0.8103359268
episode_1389,c_8,c_5,c_8,c_9,0.7401,0.850230186
episode_1390,c_8,c_6,c_10,c_4,0.7235,0.8183543303
episode_1391,c_8,c_6,m_2,c_9,0.7504,0.7525215672
episode_1392,c_5,c_6,c_1,c_2,0.6712,1.0857942703
episode_1393,c_10,m_2,c_12,s,0.7684,0.737064029
episode_1394,m_3,c_4,c_4,s,0.6661,0.9706869173
episode_1395,c_2,c_1,c_12,m_3,0.7318,0.7879382739
episode_1396,c_7,c_1,c_6,c_12,0.7201,0.8099296723
episode_1397,c_2,c_2,c_4,c_1,0.7161,0.8236143051
episode_1398,c_4,c_1,c_9,c_8,0.7225,0.8127033993
episode_1399,c_8,c_1,s,-,0.6837,0.9234298874
episode_1400,c_2,m_3,c_6,m_1,0.7301,0.7741371934
episode_1401,c_6,c_1,c_8,c_4,0.7157,0.8366476956
episode_1402,m_2,c_7,c_7,c_8,0.6739,1.0677077041
episode_1403,c_4,m_2,c_8,m_3,0.6997,0.867899388
episode_1404,c_7,c_7,c_6,c_12,0.741,0.7775767262
episode_1405,c_12,c_7,s,-,0.6822,0.9580085474
episode_1406,c_4,m_1,m_1,c_5,0.6768,0.9115274363
episode_1407,c_1,c_5,c_6,m_1,0.7208,0.8415206656
episode_1408,c_4,c_10,c_10,m_1,0.7178,0.8581554181
episode_1409,c_1,m_3,c_8,c_4,0.7108,0.8631116232
episode_1410,c_8,c_12,m_3,m_3,0.7611,0.6937023397
episode_1411,c_6,c_7,c_2,c_5,0.7235,0.8489206846
episode_1412,c_9,c_10,c_4,c_7,0.7197,0.8672604976
episode_1413,c_6,c_1,c_11,s,0.7133,0.8620240257
episode_1414,c_10,c_5,m_2,c_3,0.7303,0.8128446429
episode_1415,c_3,c_2,c_9,c_9,0.7277,0.8106830916
episode_1416,c_4,c_5,c_4,c_7,0.6909,0.9258806195
episode_1417,c_1,c_9,m_1,c_9,0.7646,0.7128295019
episode_1418,c_9,m_2,c_8,m_3,0.721,0.8045114348
episode_1419,c_2,c_1,c_6,c_1,0.7049,0.8672762578
episode_1420,c_6,c_5,c_5,c_5,0.7444,0.761924319
episode_1421,c_4,c_6,c_8,c_2,0.7379,0.7836459365
episode_1422,c_4,c_11,s,-,0.6618,0.9843284395
episode_1423,c_12,s,-,-,0.6803,0.9452649376
episode_1424,c_11,c_2,c_3,c_3,0.7473,0.7637720175
episode_1425,c_5,m_3,c_3,c_8,0.7566,0.7244869768
episode_1426,c_3,c_8,c_2,c_7,0.7405,0.801404871
episode_1427,c_8,c_10,c_10,m_3,0.7385,0.7667332468
episode_1428,c_1,c_3,c_6,c_3,0.7183,0.8998389707
episode_1429,c_4,c_9,c_4,c_7,0.7133,0.8243787939
episode_1430,c_1,m_2,c_6,c_12,0.7632,0.7196243261
episode_1431,c_10,m_2,m_1,s,0.7281,0.7995387932
episode_1432,c_2,c_2,c_2,m_1,0.7234,0.8231538688
episode_1433,c_2,c_6,m_3,c_1,0.7385,0.7883651655
episode_1434,c_8,c_7,s,-,0.7007,0.8773085196
episode_1435,c_7,c_4,c_8,m_2,0.7231,0.8232785715
episode_1436,c_10,c_12,c_3,s,0.7365,0.7831371754
episode_1437,c_10,c_5,c_10,c_6,0.7262,0.8141283049
episode_1438,c_7,c_12,m_1,c_9,0.7409,0.7595727797
episode_1439,c_6,s,-,-,0.6857,0.9753169553
episode_1440,c_1,c_3,c_6,c_3,0.7183,0.8998389707
episode_1441,c_3,c_12,c_4,c_12,0.7462,0.7542547792
episode_1442,c_10,c_10,c_3,c_2,0.7414,0.7779434106
episode_1443,c_1,c_9,m_1,c_9,0.7646,0.7128295019
episode_1444,c_5,c_7,c_5,m_1,0.7118,0.8365593143
episode_1445,c_2,m_3,m_3,c_3,0.6894,0.8940310575
episode_1446,c_10,m_3,c_12,m_1,0.7358,0.7687754572
episode_1447,c_1,c_2,c_6,m_2,0.7257,0.7972460644
episode_1448,c_1,c_10,c_8,c_4,0.7197,0.8387445414
episode_1449,c_8,c_6,m_2,c_9,0.7504,0.7525215672
episode_1450,c_11,c_1,c_4,c_1,0.6785,0.9445960993
episode_1451,c_6,c_6,c_9,c_3,0.751,0.7692899952
episode_1452,c_3,c_8,m_1,c_1,0.7257,0.9182616983
episode_1453,c_11,c_1,s,-,0.6648,0.9658538896
episode_1454,c_6,c_9,c_6,s,0.731,0.8075001251
episode_1455,c_7,c_11,c_5,c_2,0.6912,0.9032417877
episode_1456,c_3,c_12,c_3,c_11,0.7387,0.7896398816
episode_1457,c_5,m_1,c_11,c_7,0.7282,0.8358966621
episode_1458,c_11,c_2,c_6,c_12,0.7265,0.8232517676
episode_1459,c_7,c_6,c_3,c_10,0.7539,0.7333140047
episode_1460,m_3,c_10,c_7,c_7,0.6776,0.9702260115
episode_1461,c_10,c_4,c_2,c_2,0.731,0.7900092339
episode_1462,c_12,c_7,c_2,c_3,0.7282,0.8326362367
episode_1463,c_10,m_2,c_1,c_7,0.7333,0.7742034185
episode_1464,c_8,c_6,m_2,c_7,0.7194,0.8534893645
episode_1465,c_4,c_7,c_9,c_4,0.7097,0.8694775596
episode_1466,c_12,c_4,c_11,c_11,0.7364,0.7955876132
episode_1467,c_3,c_3,c_6,m_1,0.7205,0.8015195292
episode_1468,c_8,m_2,m_2,c_6,0.747,0.7561304348
episode_1469,m_3,c_9,m_2,c_7,0.6893,0.9040868711
episode_1470,c_2,c_8,c_12,c_5,0.7401,0.7950368798
episode_1471,c_12,c_3,m_3,c_12,0.7521,0.7178870702
episode_1472,c_2,c_2,s,-,0.7024,0.8588676472
episode_1473,c_8,c_11,c_10,c_2,0.7533,0.7903001865
episode_1474,m_2,c_5,c_1,c_2,0.6465,1.1460909034
episode_1475,c_11,c_11,c_7,m_3,0.7455,0.7757493055
episode_1476,c_3,m_2,c_7,c_12,0.7747,0.7099987861
episode_1477,c_5,c_9,c_8,m_1,0.7304,0.8027694268
episode_1478,c_1,c_2,s,-,0.6868,0.9153530475
episode_1479,c_1,c_8,c_7,m_2,0.7217,0.7946714757
episode_1480,c_1,c_5,c_6,c_6,0.713,0.8591792757
episode_1481,c_3,c_2,c_5,c_3,0.6988,0.8507229376
episode_1482,c_7,m_3,c_2,m_2,0.7125,0.8333530797
episode_1483,c_10,m_1,c_9,c_11,0.7719,0.7163165995
episode_1484,c_8,c_6,c_11,c_9,0.727,0.8629947103
episode_1485,c_8,c_8,c_4,c_9,0.7496,0.7632956017
episode_1486,c_3,c_8,c_11,c_7,0.7396,0.7920882995
episode_1487,c_4,c_12,m_3,c_5,0.7744,0.6778273486
episode_1488,c_11,c_9,c_2,c_11,0.7238,0.8402155328
episode_1489,c_11,c_1,c_4,c_1,0.6785,0.9445960993
episode_1490,c_12,m_3,c_9,c_1,0.7782,0.6743278959
episode_1491,m_3,c_2,c_5,s,0.6294,1.0746108093
episode_1492,c_3,m_3,c_8,s,0.7392,0.772942762
episode_1493,c_9,c_12,c_9,c_4,0.7404,0.7730053464
episode_1494,c_12,c_8,m_1,m_3,0.7363,0.7700016438
episode_1495,m_3,c_4,c_10,c_10,0.6823,0.9788202216
episode_1496,c_2,m_3,c_3,c_5,0.754,0.7534931206
episode_1497,c_11,c_3,c_6,c_5,0.7475,0.7570138695
episode_1498,c_12,c_9,c_3,m_1,0.7563,0.7240177765
episode_1499,c_2,c_11,c_1,c_12,0.7276,0.8038307641
episode_1500,c_10,c_1,c_11,c_6,0.7486,0.7732167593
episode_1501,c_1,c_7,c_6,c_8,0.7203,0.79331731
episode_1502,c_7,c_9,c_8,m_1,0.7311,0.7960742263
episode_1503,c_7,c_10,c_10,c_11,0.7073,0.8542714598
episode_1504,c_3,c_11,m_3,m_3,0.7403,0.7693510565
episode_1505,m_2,c_10,c_3,c_4,0.6444,1.0837676756
episode_1506,c_10,c_7,s,-,0.7117,0.8413266377
episode_1507,c_2,c_9,c_6,c_1,0.7219,0.8431401695
episode_1508,c_12,c_10,c_12,s,0.7455,0.7511633276
episode_1509,c_3,c_6,c_6,c_11,0.732,0.80962291
episode_1510,c_3,c_3,c_1,c_1,0.6986,0.8733334018
episode_1511,c_4,c_8,c_11,c_9,0.754,0.7621534682
episode_1512,c_6,c_6,s,-,0.7215,0.8503267924
episode_1513,c_1,c_6,c_11,c_9,0.7541,0.7401165671
episode_1514,c_10,c_4,m_3,c_9,0.7641,0.7007109772
episode_1515,c_10,c_10,c_6,m_3,0.7352,0.7791959597
episode_1516,c_6,m_2,c_2,s,0.7228,0.8173229758
episode_1517,c_12,m_1,m_1,c_11,0.717,0.8256935469
episode_1518,c_11,c_4,c_4,s,0.711,0.8548653651
episode_1519,c_5,m_2,c_1,c_6,0.7183,0.8932446219
episode_1520,c_3,c_4,c_8,m_2,0.7254,0.7945676965
episode_1521,c_9,c_8,c_6,m_2,0.6722,0.9478046306
episode_1522,c_12,m_3,c_9,c_1,0.7782,0.6743278959
episode_1523,c_9,c_8,c_11,c_12,0.7523,0.7753021321
episode_1524,c_7,c_5,m_2,c_6,0.7377,0.7601529001
episode_1525,c_10,c_12,c_10,c_3,0.7547,0.7271948125
episode_1526,c_9,c_4,c_10,c_5,0.7348,0.8262996692
episode_1527,c_12,c_1,c_10,s,0.7286,0.8009406404
episode_1528,c_8,c_7,c_5,c_12,0.7191,0.8306212075
episode_1529,c_12,c_10,c_8,c_9,0.7564,0.7773288469
episode_1530,m_2,m_2,c_1,m_2,0.6029,1.1740130949
episode_1531,c_1,c_3,c_12,c_2,0.75,0.7653037193
episode_1532,c_12,c_6,s,-,0.7254,0.8520607018
episode_1533,c_9,c_9,c_11,c_3,0.7456,0.7602386698
episode_1534,c_1,m_1,c_10,c_5,0.7113,0.8958039335
episode_1535,c_4,c_11,m_2,c_12,0.7617,0.7110886818
episode_1536,c_9,c_5,c_7,c_3,0.7149,0.8252345177
episode_1537,c_7,c_4,c_6,c_11,0.7361,0.7964075973
episode_1538,c_6,c_6,c_9,c_11,0.7374,0.7854649883
episode_1539,c_4,c_4,c_3,c_11,0.7284,0.8173319738
episode_1540,m_3,c_7,c_12,c_5,0.7045,0.8681744549
episode_1541,c_5,c_7,m_3,c_12,0.7498,0.7420336384
episode_1542,c_5,c_3,c_1,c_2,0.7034,0.8620161312
episode_1543,m_1,c_10,c_9,c_3,0.7168,0.916889709
episode_1544,c_6,s,-,-,0.6857,0.9753169553
episode_1545,c_6,c_4,c_1,c_8,0.7052,0.8958227976
episode_1546,c_4,c_6,c_10,c_8,0.6974,0.9315878423
episode_1547,c_1,m_3,c_6,c_3,0.7464,0.7569901927
episode_1548,c_3,c_11,m_3,m_3,0.7403,0.7693510565
episode_1549,c_6,c_4,c_7,m_2,0.7264,0.8024836096
episode_1550,c_2,c_12,c_11,c_11,0.7534,0.7763155985
episode_1551,c_9,m_2,c_8,m_1,0.7417,0.7567762444
episode_1552,c_4,c_7,c_3,c_6,0.7371,0.7863302718
episode_1553,c_10,c_12,c_2,m_2,0.7284,0.7759120544
episode_1554,c_8,c_5,c_9,m_3,0.7238,0.8241757442
episode_1555,c_5,c_12,c_3,c_11,0.7296,0.8124551388
episode_1556,c_3,m_3,c_2,m_2,0.721,0.806424848
episode_1557,c_11,c_7,c_8,c_3,0.7443,0.7715343966
episode_1558,c_11,m_1,c_6,m_2,0.7514,0.7274690393
episode_1559,c_5,c_6,c_12,c_8,0.7155,0.8323008157
episode_1560,c_2,c_7,m_1,c_5,0.7138,0.8776090738
episode_1561,c_12,c_8,c_12,c_10,0.7436,0.781636281
episode_1562,c_7,c_7,c_7,c_7,0.6966,0.8779564311
episode_1563,c_7,m_2,c_1,c_9,0.7313,0.8015811863
episode_1564,c_12,c_2,c_3,m_3,0.7358,0.7710641719
episode_1565,c_2,c_8,c_12,c_5,0.7401,0.7950368798
episode_1566,c_8,c_12,c_1,s,0.704,0.9129950622
episode_1567,c_3,m_3,c_2,s,0.7363,0.7631773587
episode_1568,c_1,c_3,c_6,c_3,0.7183,0.8998389707
episode_1569,c_3,m_3,c_8,s,0.7392,0.772942762
episode_1570,c_7,m_1,c_4,m_3,0.6938,0.8914270576
episode_1571,c_11,c_7,c_5,c_10,0.7332,0.7897909986
episode_1572,c_6,m_1,c_7,c_5,0.7432,0.7868932047
episode_1573,c_11,m_2,c_1,c_7,0.7265,0.8046319703
episode_1574,c_7,c_12,m_2,c_5,0.7508,0.7460652253
episode_1575,c_12,c_5,c_11,m_3,0.7514,0.7295328117
episode_1576,c_5,c_9,c_8,c_6,0.6977,1.006590204
episode_1577,c_11,c_2,c_9,c_1,0.7374,0.764545168
episode_1578,c_5,m_3,c_3,c_7,0.7265,0.7913383373
episode_1579,c_10,c_4,c_3,m_3,0.7111,0.8283148057
episode_1580,c_10,m_3,c_1,c_4,0.7268,0.8122745566
episode_1581,c_9,c_6,c_11,c_10,0.724,0.8099915779
episode_1582,c_3,c_7,c_7,c_4,0.7325,0.8044449491
episode_1583,c_5,c_5,c_2,c_9,0.7443,0.7701812131
episode_1584,c_12,c_2,c_7,s,0.7214,0.8039694069
episode_1585,c_1,m_3,m_1,s,0.701,0.8584589531
episode_1586,c_10,m_2,m_1,s,0.7281,0.7995387932
episode_1587,c_5,m_1,c_11,c_7,0.7282,0.8358966621
episode_1588,c_12,c_9,c_7,c_8,0.7426,0.7791578982
episode_1589,c_6,s,-,-,0.6857,0.9753169553
episode_1590,c_2,c_1,c_12,c_8,0.7204,0.8367575518
episode_1591,c_7,c_1,c_2,m_3,0.7344,0.786297687
episode_1592,c_1,c_12,c_10,c_10,0.7216,0.8260623306
episode_1593,c_2,c_1,c_3,m_2,0.7117,0.8299180844
episode_1594,c_2,m_1,c_5,s,0.7142,0.8467489408
episode_1595,c_4,m_1,m_3,c_4,0.6914,0.9267254698
episode_1596,c_3,c_4,c_6,c_11,0.7446,0.7642451825
episode_1597,c_6,c_8,c_5,c_9,0.7459,0.7910265609
episode_1598,c_9,m_2,m_2,c_2,0.7149,0.8308344697
episode_1599,c_8,c_3,c_7,c_4,0.7326,0.777879619
episode_1600,c_10,c_3,c_11,c_11,0.7209,0.8433535183
episode_1601,c_9,m_3,c_4,c_9,0.7695,0.7028476385
episode_1602,c_11,c_11,c_9,c_10,0.738,0.8011596905
episode_1603,m_1,c_12,m_2,m_1,0.663,0.9834420828
episode_1604,c_5,m_2,c_7,c_11,0.7451,0.7801181187
episode_1605,c_3,c_3,c_10,c_8,0.7419,0.7636387531
episode_1606,c_8,m_3,c_11,c_6,0.7635,0.7100142729
episode_1607,c_4,c_5,m_3,s,0.723,0.8273366257
episode_1608,c_6,c_4,m_2,s,0.6893,0.9090478106
episode_1609,c_12,c_7,c_5,m_2,0.73,0.8104104214
episode_1610,c_9,c_12,m_3,c_6,0.7762,0.6634890669
episode_1611,m_2,c_8,c_7,c_9,0.6701,1.0874775204
episode_1612,c_10,c_9,s,-,0.6977,0.8804154019
episode_1613,c_5,c_10,c_12,m_3,0.737,0.7707228414
episode_1614,c_3,m_3,c_2,m_2,0.721,0.806424848
episode_1615,c_9,c_3,m_2,c_2,0.7471,0.7470782783
episode_1616,c_4,c_5,m_3,c_2,0.7104,0.8354599511
episode_1617,c_11,c_5,c_7,c_11,0.7241,0.8260814952
episode_1618,c_12,c_9,c_4,c_11,0.7514,0.7508974775
episode_1619,c_6,c_3,m_2,c_2,0.7147,0.8241386245
episode_1620,m_3,c_12,c_4,c_12,0.7322,0.8694114029
episode_1621,c_3,c_4,c_1,c_7,0.7095,0.8516990155
episode_1622,c_3,c_12,m_3,c_1,0.7612,0.6971868226
episode_1623,c_3,c_4,c_2,m_2,0.7082,0.8348408708
episode_1624,c_9,c_12,c_1,m_2,0.721,0.8361456402
episode_1625,c_4,c_4,s,-,0.6951,0.8795756104
episode_1626,c_7,c_6,c_11,m_3,0.7449,0.7797667651
episode_1627,c_8,c_10,c_2,c_11,0.7421,0.7711784399
episode_1628,c_5,c_12,c_9,c_1,0.7434,0.7715346405
episode_1629,c_11,c_1,m_3,m_1,0.7262,0.8111765959
episode_1630,c_9,c_7,c_7,c_2,0.725,0.8405429071
episode_1631,c_11,c_7,m_2,c_10,0.7316,0.8826755759
episode_1632,c_4,c_5,c_2,c_11,0.7032,0.8820885273
episode_1633,c_6,c_10,c_1,c_7,0.7012,0.8896759444
episode_1634,c_10,c_9,c_12,m_1,0.7552,0.7580002848
episode_1635,c_1,c_11,c_11,c_1,0.7142,0.8764856316
episode_1636,c_2,m_3,c_9,c_1,0.7628,0.7070952824
episode_1637,c_2,c_2,s,-,0.7024,0.8588676472
episode_1638,c_6,m_3,c_7,m_1,0.7235,0.794191226
episode_1639,c_12,c_7,c_1,m_3,0.7349,0.7692739216
episode_1640,c_7,c_11,c_3,c_6,0.7384,0.7971857333
episode_1641,c_4,c_3,m_3,m_2,0.7199,0.8205918969
episode_1642,c_12,c_6,s,-,0.7254,0.8520607018
episode_1643,c_9,m_2,m_1,c_7,0.739,0.7790494974
episode_1644,c_10,c_2,c_11,s,0.7298,0.8101006259
episode_1645,c_10,c_5,c_10,c_1,0.7188,0.8258259154
episode_1646,c_6,c_7,c_2,c_1,0.6972,0.8970665266
episode_1647,c_7,c_5,m_3,c_7,0.7037,0.8426305669
episode_1648,m_3,c_2,c_5,s,0.6294,1.0746108093
episode_1649,c_5,c_7,m_3,c_12,0.7498,0.7420336384
episode_1650,c_7,c_10,c_12,c_7,0.7422,0.7811319622
episode_1651,c_4,c_12,c_4,c_4,0.7282,0.8327663187
episode_1652,m_3,c_7,c_9,c_11,0.6365,1.0793765797
episode_1653,c_7,m_3,c_9,c_6,0.755,0.7438230021
episode_1654,c_7,c_6,m_3,c_12,0.7357,0.7814813828
episode_1655,c_1,c_12,c_7,c_7,0.731,0.8197107332
episode_1656,c_1,c_3,c_9,c_8,0.7303,0.7890602434
episode_1657,c_3,c_1,c_6,m_3,0.721,0.8069136542
episode_1658,c_9,c_10,m_1,c_10,0.7203,0.8051660059
episode_1659,c_9,c_2,s,-,0.7139,0.8687310364
episode_1660,c_11,c_4,c_10,c_7,0.6954,0.9216839712
episode_1661,c_4,c_5,s,-,0.6912,0.9262933929
episode_1662,c_1,m_2,c_5,c_5,0.7494,0.7732040018
episode_1663,c_5,c_9,c_8,c_6,0.6977,1.006590204
episode_1664,c_9,c_11,c_8,s,0.7393,0.7818277108
episode_1665,c_1,c_2,m_3,m_2,0.7024,0.8715403479
episode_1666,c_8,c_6,c_2,m_3,0.7275,0.7705446959
episode_1667,c_5,c_3,c_5,c_6,0.7074,0.8602038937
episode_1668,m_3,c_3,s,-,0.707,0.8943485928
episode_1669,c_7,c_10,c_1,c_2,0.7259,0.7989113581
episode_1670,c_5,c_6,c_12,c_8,0.7155,0.8323008157
episode_1671,c_3,c_11,c_10,m_2,0.7239,0.8182396158
episode_1672,c_6,m_1,m_3,c_1,0.6993,0.8616221766
episode_1673,c_4,c_4,c_5,c_2,0.6982,0.8750688059
episode_1674,c_11,c_11,c_7,m_3,0.7455,0.7757493055
episode_1675,c_11,m_3,c_3,c_9,0.7661,0.7102178892
episode_1676,c_2,c_3,s,-,0.6941,0.8869233299
episode_1677,c_11,m_3,m_2,c_5,0.7012,0.8634085464
episode_1678,c_8,c_2,c_6,c_6,0.7421,0.7755582386
episode_1679,c_12,c_6,c_6,c_2,0.7289,0.8136144799
episode_1680,c_7,c_6,c_8,c_4,0.7439,0.7642378508
episode_1681,c_4,c_8,c_8,s,0.7129,0.8653209074
episode_1682,c_6,c_8,c_4,c_12,0.7359,0.8308539507
episode_1683,c_4,c_5,c_6,c_2,0.7237,0.8031814426
episode_1684,c_2,c_2,m_2,s,0.7083,0.8720791673
episode_1685,c_9,c_11,c_1,c_8,0.723,0.8499726418
episode_1686,c_2,c_2,c_2,s,0.6957,0.9020025613
episode_1687,c_10,c_9,s,-,0.6977,0.8804154019
episode_1688,c_11,c_9,c_2,c_11,0.7238,0.8402155328
episode_1689,m_2,m_2,c_1,m_2,0.6029,1.1740130949
episode_1690,c_6,c_7,c_2,c_8,0.6978,0.8844993793
episode_1691,c_3,c_11,c_3,c_5,0.7242,0.8350795701
episode_1692,c_7,c_8,c_11,c_2,0.7377,0.769413621
episode_1693,c_10,m_2,c_12,c_6,0.7851,0.6567272927
episode_1694,c_10,c_11,c_4,c_1,0.7334,0.7859487939
episode_1695,c_9,c_5,c_7,m_2,0.7108,0.8322971715
episode_1696,c_5,m_2,c_2,c_7,0.677,0.9405006981
episode_1697,c_6,c_2,c_3,m_2,0.7109,0.86905144
episode_1698,c_4,c_10,c_10,m_1,0.7178,0.8581554181
episode_1699,c_10,c_6,s,-,0.6832,0.9411972136
episode_1700,c_5,c_6,c_5,c_10,0.6975,0.9000327958
episode_1701,c_1,c_9,c_6,c_8,0.7021,0.9667701166
episode_1702,c_11,c_6,c_8,m_2,0.7314,0.7863259398
episode_1703,c_5,c_11,m_3,c_1,0.7494,0.7174750364
episode_1704,c_11,c_7,c_1,c_2,0.6658,0.9714187502
episode_1705,c_10,c_10,c_3,c_2,0.7414,0.7779434106
episode_1706,c_4,m_1,c_6,c_5,0.7154,0.8363990009
episode_1707,c_2,c_5,m_2,c_4,0.6878,0.8909885422
episode_1708,c_2,c_6,c_7,c_2,0.7154,0.854589181
episode_1709,c_6,c_12,c_9,c_1,0.7445,0.7467675026
episode_1710,c_2,m_3,c_3,c_5,0.754,0.7534931206
episode_1711,m_3,s,-,-,0.6918,0.8995718562
episode_1712,c_1,c_12,c_11,c_6,0.7378,0.8303494093
episode_1713,c_1,c_1,c_7,m_2,0.6733,0.986167788
episode_1714,c_10,c_3,c_11,c_11,0.7209,0.8433535183
episode_1715,c_4,c_7,c_8,c_11,0.7433,0.7947755299
episode_1716,c_9,c_6,c_11,c_6,0.7271,0.8913134606
episode_1717,c_2,c_6,s,-,0.6846,0.9086027359
episode_1718,c_6,c_1,s,-,0.6989,0.9241754257
episode_1719,c_11,c_11,c_6,c_7,0.7227,0.8183976976
episode_1720,c_2,c_10,c_6,c_5,0.7341,0.8171454423
episode_1721,c_12,c_11,s,-,0.7191,0.9076012509
episode_1722,c_12,c_9,c_3,m_1,0.7563,0.7240177765
episode_1723,c_2,c_5,c_10,c_12,0.7173,0.8455085829
episode_1724,c_1,c_8,c_7,m_3,0.7233,0.8199839267
episode_1725,c_12,c_1,c_6,c_1,0.7349,0.7821212946
episode_1726,m_2,c_11,c_11,c_5,0.7417,0.7805529496
episode_1727,c_9,m_3,s,-,0.7018,0.8568197473
episode_1728,c_1,m_2,c_5,m_3,0.718,0.8165207891
episode_1729,c_2,c_7,c_12,c_10,0.7492,0.7535335428
episode_1730,c_2,c_2,m_3,c_11,0.7568,0.7166477441
episode_1731,m_1,c_7,m_1,m_2,0.6084,1.1114373125
episode_1732,c_11,c_9,c_2,c_11,0.7238,0.8402155328
episode_1733,c_7,c_11,c_3,c_6,0.7384,0.7971857333
episode_1734,c_5,c_10,c_9,c_5,0.7554,0.7453896974
episode_1735,c_1,c_4,c_4,c_11,0.7302,0.7863324653
episode_1736,c_1,c_2,m_3,m_2,0.7024,0.8715403479
episode_1737,c_7,m_3,c_2,m_2,0.7125,0.8333530797
episode_1738,c_9,c_1,c_4,c_5,0.7113,0.9032897329
episode_1739,c_11,c_10,m_1,c_1,0.7302,0.8009351631
episode_1740,c_12,c_2,m_2,s,0.7298,0.7989054546
episode_1741,c_9,c_7,c_7,c_2,0.725,0.8405429071
episode_1742,c_1,c_5,c_6,c_10,0.6783,1.0345636516
episode_1743,c_2,c_1,c_12,c_5,0.7322,0.7816410814
episode_1744,c_7,c_7,c_12,c_7,0.7321,0.8341422264
episode_1745,c_4,c_5,c_6,c_5,0.7202,0.839460664
episode_1746,c_8,c_7,c_7,c_9,0.7257,0.8302463812
episode_1747,c_12,c_11,m_2,c_4,0.7317,0.7753708757
episode_1748,c_12,c_9,c_7,c_8,0.7426,0.7791578982
episode_1749,m_2,c_5,c_1,m_3,0.6769,0.9062569159
episode_1750,c_7,c_10,s,-,0.654,1.0063685571
episode_1751,c_12,c_3,c_2,c_1,0.7275,0.7976920635
episode_1752,c_5,c_12,m_3,c_4,0.755,0.7208019189
episode_1753,c_4,c_11,c_7,c_6,0.6841,0.9230426995
episode_1754,c_11,c_6,c_12,c_2,0.7314,0.8036078853
episode_1755,c_6,c_3,c_12,c_3,0.7418,0.7756717395
episode_1756,c_8,c_8,c_8,c_12,0.7169,0.8715992013
episode_1757,c_4,c_7,m_3,c_11,0.7509,0.7484703567
episode_1758,c_3,c_6,m_1,c_2,0.7298,0.8212579532
episode_1759,c_4,c_2,c_8,m_3,0.7152,0.9062203022
episode_1760,c_10,c_5,c_10,c_6,0.7262,0.8141283049
episode_1761,c_6,m_3,s,-,0.7234,0.810174171
episode_1762,c_3,c_11,c_12,m_2,0.7317,0.786516435
episode_1763,c_8,c_4,c_8,c_12,0.76,0.7567760779
episode_1764,c_5,m_2,c_3,c_9,0.7582,0.7517212296
episode_1765,c_10,m_3,c_1,c_4,0.7268,0.8122745566
episode_1766,c_2,s,-,-,0.6772,0.9486585265
episode_1767,c_8,c_4,c_5,m_1,0.7001,0.86758887
episode_1768,c_11,c_12,m_1,c_7,0.7298,0.8177375569
episode_1769,c_2,c_6,c_9,c_4,0.7252,0.8132739946
episode_1770,c_1,c_1,c_8,c_7,0.7287,0.8156379168
episode_1771,c_12,c_7,c_2,c_3,0.7282,0.8326362367
episode_1772,c_4,c_4,c_3,c_11,0.7284,0.8173319738
episode_1773,c_1,c_9,c_3,m_3,0.7538,0.7268419079
episode_1774,c_5,c_11,m_2,c_9,0.773,0.6703214809
episode_1775,c_9,c_4,s,-,0.7052,0.8803749724
episode_1776,c_3,c_4,c_4,c_9,0.6947,0.8988509561
episode_1777,c_12,c_2,c_1,c_7,0.7053,0.8600726574
episode_1778,c_11,c_2,s,-,0.7061,0.858756397
episode_1779,c_5,c_4,c_2,c_7,0.6924,0.8891858989
episode_1780,c_4,c_9,c_4,c_12,0.7342,0.8088925929
episode_1781,c_10,c_2,m_1,c_2,0.7272,0.8127947697
episode_1782,c_2,m_2,c_12,m_1,0.7353,0.7766137927
episode_1783,c_2,c_6,c_5,c_3,0.7089,0.8734121778
episode_1784,c_4,c_5,c_4,c_7,0.6909,0.9258806195
episode_1785,c_6,c_4,c_4,c_9,0.7261,0.8127667612
episode_1786,c_11,c_8,m_3,m_1,0.733,0.7854452857
episode_1787,m_1,c_7,c_12,c_8,0.7207,0.8540066238
episode_1788,c_12,c_10,c_7,c_6,0.7388,0.7821158164
episode_1789,m_2,c_6,c_4,c_5,0.7207,0.8704000374
episode_1790,c_3,c_3,m_3,m_2,0.7146,0.8301203687
episode_1791,c_11,c_9,c_2,c_11,0.7238,0.8402155328
episode_1792,c_6,c_5,s,-,0.7235,0.8606172226
episode_1793,c_6,c_3,c_1,c_4,0.7259,0.8498185801
episode_1794,c_12,c_9,c_12,c_11,0.7413,0.8051664982
episode_1795,c_12,m_1,c_2,s,0.7224,0.8288075829
episode_1796,c_5,m_1,c_11,c_7,0.7282,0.8358966621
episode_1797,m_3,s,-,-,0.6918,0.8995718562
episode_1798,c_1,m_1,c_8,c_12,0.7439,0.7729793209
episode_1799,c_9,c_8,m_2,m_1,0.7428,0.7489397227
episode_1800,c_12,c_2,c_7,s,0.7214,0.8039694069
episode_1801,m_3,c_12,c_11,c_2,0.7021,0.8953205409
episode_1802,m_1,s,-,-,0.6512,1.0135904365
episode_1803,c_1,c_12,c_10,c_10,0.7216,0.8260623306
episode_1804,c_9,c_6,c_6,m_3,0.7418,0.8022163939
episode_1805,c_1,s,-,-,0.6824,0.9222057566
episode_1806,c_2,c_12,c_2,c_8,0.7523,0.7478821941
episode_1807,c_2,c_1,c_12,c_9,0.7382,0.7760415648
episode_1808,c_8,c_7,s,-,0.7007,0.8773085196
episode_1809,c_9,c_5,c_8,c_2,0.7349,0.7949512573
episode_1810,c_4,c_8,m_2,c_1,0.7143,0.8265151773
episode_1811,c_6,c_11,c_3,c_8,0.7308,0.8085114138
episode_1812,c_1,c_4,c_9,c_3,0.7301,0.8099079831
episode_1813,c_12,c_3,c_2,c_2,0.7247,0.815451955
episode_1814,c_5,c_4,m_3,c_11,0.7391,0.7554947794
episode_1815,c_11,c_4,c_4,s,0.711,0.8548653651
episode_1816,c_8,c_3,c_7,c_4,0.7326,0.777879619
episode_1817,c_12,m_1,c_9,c_4,0.7521,0.7299969028
episode_1818,c_7,c_11,c_5,c_2,0.6912,0.9032417877
episode_1819,c_11,c_12,c_1,m_1,0.7482,0.7397155122
episode_1820,m_1,c_6,c_10,s,0.6816,0.9332350018
episode_1821,c_6,c_4,c_4,m_3,0.7253,0.797657841
episode_1822,c_10,c_1,c_1,s,0.678,0.9409360253
episode_1823,c_3,c_10,c_12,c_5,0.7364,0.7971936856
episode_1824,c_6,c_11,c_4,s,0.6908,0.8864691418
episode_1825,c_11,m_2,m_2,c_9,0.7552,0.7411308552
episode_1826,c_8,c_1,c_8,c_3,0.7383,0.8101670792
episode_1827,c_9,c_2,s,-,0.7139,0.8687310364
episode_1828,c_8,c_12,c_1,s,0.704,0.9129950622
episode_1829,c_11,m_3,s,-,0.7069,0.8464536988
episode_1830,c_12,c_9,c_7,c_8,0.7426,0.7791578982
episode_1831,c_11,m_1,c_6,m_2,0.7514,0.7274690393
episode_1832,c_9,m_2,m_2,c_2,0.7149,0.8308344697
episode_1833,c_11,c_8,c_10,m_1,0.7218,0.8112955083
episode_1834,c_7,c_3,c_4,c_2,0.7576,0.7488669805
episode_1835,c_11,c_12,c_1,m_1,0.7482,0.7397155122
episode_1836,c_7,c_2,c_11,c_1,0.7405,0.7962878559
episode_1837,c_9,c_12,c_1,m_2,0.721,0.8361456402
episode_1838,c_2,c_12,c_11,c_11,0.7534,0.7763155985
episode_1839,c_5,c_1,c_9,c_10,0.7165,0.8692951122
episode_1840,c_3,c_8,s,-,0.6909,0.9200919061
episode_1841,c_11,c_7,m_3,c_5,0.7259,0.7883307801
episode_1842,c_11,c_3,m_2,m_1,0.744,0.7343831968
episode_1843,c_2,c_5,s,-,0.7029,0.8936433578
episode_1844,c_12,c_2,c_8,c_2,0.7375,0.7937590548
episode_1845,c_7,c_7,c_6,c_12,0.741,0.7775767262
episode_1846,c_5,c_9,c_5,c_10,0.7264,0.82339832
episode_1847,c_12,c_6,c_11,c_2,0.7162,0.8576627343
episode_1848,c_8,m_3,c_9,c_12,0.7845,0.6659585208
episode_1849,c_5,c_12,c_3,c_11,0.7296,0.8124551388
episode_1850,c_9,m_1,c_3,s,0.7299,0.8001178539
episode_1851,m_3,m_2,c_8,c_8,0.6115,1.1204720823
episode_1852,c_3,c_10,c_8,c_1,0.7233,0.835932311
episode_1853,c_9,m_3,c_3,c_7,0.7577,0.7443834922
episode_1854,c_12,c_6,s,-,0.7254,0.8520607018
episode_1855,c_5,c_4,m_3,c_11,0.7391,0.7554947794
episode_1856,c_7,c_9,m_3,c_4,0.7322,0.7781993583
episode_1857,c_5,m_2,c_5,m_3,0.7327,0.7943757248
episode_1858,c_3,c_3,m_3,m_2,0.7146,0.8301203687
episode_1859,c_1,c_11,c_5,c_2,0.7152,0.842467822
episode_1860,c_1,c_10,c_9,c_11,0.719,0.8492443096
episode_1861,c_12,c_2,c_3,m_3,0.7358,0.7710641719
episode_1862,c_10,m_2,c_12,c_8,0.7704,0.7242753376
episode_1863,c_1,c_6,s,-,0.684,0.9598099155
episode_1864,c_7,c_6,c_11,m_2,0.7188,0.8405251194
episode_1865,c_5,c_4,c_12,c_5,0.697,0.9216766314
episode_1866,c_3,c_7,c_8,c_4,0.7323,0.8082986408
episode_1867,c_10,m_3,c_9,m_3,0.7639,0.6880619052
episode_1868,c_3,c_7,c_2,c_11,0.7279,0.7953396857
episode_1869,c_7,c_6,m_3,c_12,0.7357,0.7814813828
episode_1870,c_8,c_10,c_2,c_11,0.7421,0.7711784399
episode_1871,c_8,c_6,c_10,c_4,0.7235,0.8183543303
episode_1872,c_7,c_4,c_8,m_2,0.7231,0.8232785715
episode_1873,c_6,c_10,c_12,c_1,0.7485,0.7694749501
episode_1874,c_2,m_2,c_11,c_7,0.7297,0.886047211
episode_1875,c_10,c_5,c_4,m_1,0.7299,0.7967267155
episode_1876,c_2,m_3,c_7,c_8,0.7466,0.753097322
episode_1877,c_5,c_7,s,-,0.7177,0.8618602972
episode_1878,c_3,c_12,c_4,c_12,0.7462,0.7542547792
episode_1879,c_2,c_10,m_2,c_5,0.7445,0.7508258788
episode_1880,c_10,s,-,-,0.6754,0.9523593212
episode_1881,c_2,m_3,c_8,c_6,0.7371,0.7709150921
episode_1882,c_1,s,-,-,0.6824,0.9222057566
episode_1883,c_5,c_12,m_3,m_1,0.7335,0.7794535545
episode_1884,c_6,c_1,c_12,c_3,0.7341,0.7908830811
episode_1885,c_1,c_6,c_7,m_3,0.7291,0.7837284877
episode_1886,c_2,m_2,s,-,0.7162,0.8563941421
episode_1887,c_9,m_2,m_1,c_11,0.7521,0.7461291435
episode_1888,c_10,m_2,c_1,c_7,0.7333,0.7742034185
episode_1889,c_7,c_8,c_9,c_11,0.7315,0.8229687913
episode_1890,c_2,c_11,c_1,c_12,0.7276,0.8038307641
episode_1891,c_7,c_6,m_3,c_12,0.7357,0.7814813828
episode_1892,c_3,c_6,m_1,c_2,0.7298,0.8212579532
episode_1893,c_9,c_4,c_3,s,0.7279,0.8255838979
episode_1894,c_1,c_12,c_2,m_2,0.6765,0.9543789308
episode_1895,c_8,c_10,s,-,0.6833,0.9534517008
episode_1896,c_7,c_2,c_10,c_12,0.7583,0.7303047463
episode_1897,c_12,c_4,m_1,c_3,0.7028,0.8609849371
episode_1898,c_8,c_1,c_4,c_1,0.6849,0.9652672208
episode_1899,m_2,c_11,c_11,c_5,0.7417,0.7805529496
episode_1900,c_10,c_6,c_10,c_6,0.7075,0.8981566717
episode_1901,c_7,c_4,c_9,c_1,0.6956,0.8904698332
episode_1902,c_4,c_5,c_3,c_3,0.7329,0.7712995602
episode_1903,c_12,c_6,c_4,c_12,0.7272,0.8585141121
episode_1904,c_4,c_5,c_2,c_2,0.6904,0.8888825918
episode_1905,c_10,c_2,m_3,c_8,0.7454,0.7400028546
episode_1906,c_3,c_3,c_10,c_8,0.7419,0.7636387531
episode_1907,m_2,c_8,m_3,s,0.6891,0.897268104
episode_1908,c_4,c_6,c_10,c_8,0.6974,0.9315878423
episode_1909,c_12,c_6,s,-,0.7254,0.8520607018
episode_1910,c_7,m_3,c_7,c_5,0.7141,0.8361605177
episode_1911,c_8,c_6,c_11,c_3,0.7465,0.7847323103
episode_1912,c_1,c_2,c_8,c_8,0.702,0.8649785519
episode_1913,c_8,c_9,c_1,c_9,0.7069,0.8652172821
episode_1914,c_11,m_2,c_1,c_6,0.7632,0.7128329163
episode_1915,c_7,c_3,c_12,c_12,0.7637,0.7293676155
episode_1916,c_5,c_4,c_4,c_11,0.706,0.8899975504
episode_1917,c_6,m_2,c_4,c_1,0.7071,0.9131298774
episode_1918,c_3,c_8,c_3,c_2,0.743,0.7966152622
episode_1919,c_10,c_1,c_1,s,0.678,0.9409360253
episode_1920,c_12,c_9,c_3,m_1,0.7563,0.7240177765
episode_1921,c_5,c_3,c_2,m_3,0.7361,0.7922829527
episode_1922,c_4,c_11,c_7,c_6,0.6841,0.9230426995
episode_1923,c_1,c_12,m_1,c_1,0.72,0.8145927113
episode_1924,c_2,m_1,s,-,0.6753,0.9746115293
episode_1925,c_3,c_4,c_7,s,0.7086,0.8675190752
episode_1926,c_9,c_7,c_6,c_8,0.7113,0.8442064976
episode_1927,c_11,m_3,c_3,c_9,0.7661,0.7102178892
episode_1928,c_8,c_4,m_1,c_4,0.7211,0.8572244132
episode_1929,m_1,c_2,m_2,c_3,0.6709,0.958640064
episode_1930,c_7,c_12,m_2,c_5,0.7508,0.7460652253
episode_1931,c_5,c_11,m_2,c_9,0.773,0.6703214809
episode_1932,c_2,c_4,c_9,c_8,0.7435,0.7618846831
episode_1933,c_9,m_2,m_1,c_11,0.7521,0.7461291435
episode_1934,c_8,c_9,c_1,c_5,0.7481,0.7681128696
episode_1935,c_6,m_3,c_5,c_3,0.7531,0.7467407001
episode_1936,c_8,m_1,c_5,c_1,0.7402,0.764419029
episode_1937,c_5,c_3,c_5,c_6,0.7074,0.8602038937
episode_1938,m_2,c_1,c_1,c_2,0.6311,1.2002870167
episode_1939,c_3,c_4,m_3,m_1,0.7094,0.8489835495
episode_1940,c_3,c_5,s,-,0.7028,0.8758703238
episode_1941,c_10,c_10,c_6,m_3,0.7352,0.7791959597
episode_1942,c_9,c_2,c_8,m_2,0.71,0.8386000104
episode_1943,c_11,c_3,c_1,c_3,0.7301,0.7889208264
episode_1944,c_11,c_8,c_12,c_10,0.7457,0.7899988498
episode_1945,m_2,c_5,c_1,c_2,0.6465,1.1460909034
episode_1946,c_10,c_1,c_5,c_12,0.7247,0.8351222666
episode_1947,c_10,c_12,c_2,c_7,0.7501,0.7609769917
episode_1948,c_12,c_7,c_5,m_2,0.73,0.8104104214
episode_1949,c_1,c_10,c_8,c_4,0.7197,0.8387445414
episode_1950,c_2,m_3,c_9,c_1,0.7628,0.7070952824
episode_1951,c_2,m_2,c_11,c_7,0.7297,0.886047211
episode_1952,c_7,c_2,c_7,m_1,0.7232,0.8192669519
episode_1953,c_11,c_6,c_11,c_6,0.7592,0.7275649897
episode_1954,c_6,c_11,m_2,c_7,0.7298,0.7924673386
episode_1955,c_10,c_12,s,-,0.6784,0.955499087
episode_1956,c_4,m_2,c_8,m_3,0.6997,0.867899388
episode_1957,c_12,c_12,c_11,m_2,0.7476,0.7528800495
episode_1958,c_7,c_5,c_3,c_2,0.7228,0.8870590949
episode_1959,c_6,c_4,c_8,c_5,0.7318,0.8032078597
episode_1960,c_3,s,-,-,0.6339,1.0388853609
episode_1961,c_2,m_2,c_11,c_5,0.7417,0.7873648536
episode_1962,c_8,c_1,c_7,c_11,0.7264,0.8121756158
episode_1963,m_3,c_12,c_11,c_2,0.7021,0.8953205409
episode_1964,c_12,m_1,c_7,c_2,0.7329,0.849814771
episode_1965,c_7,c_12,m_1,c_9,0.7409,0.7595727797
episode_1966,c_10,m_3,c_12,m_1,0.7358,0.7687754572
episode_1967,c_2,c_10,m_1,s,0.7145,0.8272861924
episode_1968,c_12,c_10,c_8,c_9,0.7564,0.7773288469
episode_1969,c_1,c_4,c_11,m_1,0.7135,0.8356865856
episode_1970,c_11,c_10,m_3,c_10,0.7717,0.7231780836
episode_1971,c_2,m_3,c_6,m_1,0.7301,0.7741371934
episode_1972,c_3,c_3,c_3,m_1,0.6889,0.9051184727
episode_1973,c_3,c_4,c_2,m_2,0.7082,0.8348408708
episode_1974,c_12,c_2,c_8,c_2,0.7375,0.7937590548
episode_1975,c_7,c_9,c_8,c_2,0.7176,0.860191514
episode_1976,c_5,c_10,c_12,m_3,0.737,0.7707228414
episode_1977,c_5,c_2,c_6,c_7,0.7325,0.808233207
episode_1978,c_4,c_5,m_3,c_2,0.7104,0.8354599511
episode_1979,c_6,s,-,-,0.6857,0.9753169553
episode_1980,c_11,c_7,c_4,c_10,0.7286,0.8185758454
episode_1981,c_11,c_7,c_8,c_3,0.7443,0.7715343966
episode_1982,c_6,c_3,c_6,c_1,0.7104,0.8643187888
episode_1983,c_9,c_10,c_11,c_12,0.7368,0.8373590095
episode_1984,c_4,c_2,c_10,c_11,0.6584,1.0560155879
episode_1985,c_2,c_2,c_1,c_8,0.7094,0.8348309374
episode_1986,c_9,m_3,m_1,m_2,0.7035,0.931039506
episode_1987,c_11,c_9,s,-,0.7375,0.8152108868
episode_1988,c_9,m_1,c_5,c_7,0.7579,0.7177530344
episode_1989,c_7,c_5,c_10,c_10,0.7173,0.8387645175
episode_1990,c_3,c_4,c_9,c_6,0.6755,0.9259553222
episode_1991,c_11,c_8,m_3,m_1,0.733,0.7854452857
episode_1992,c_12,c_5,c_1,s,0.7389,0.7857728064
episode_1993,c_8,c_12,m_3,m_3,0.7611,0.6937023397
episode_1994,c_1,c_1,c_12,c_11,0.7502,0.7555090555
episode_1995,c_12,c_7,c_5,m_2,0.73,0.8104104214
episode_1996,c_11,c_12,c_2,c_7,0.7387,0.8083502869
episode_1997,c_7,c_9,c_6,c_2,0.7365,0.7667838483
episode_1998,c_5,c_7,m_1,m_3,0.7199,0.7875932761
episode_1999,c_9,c_4,c_11,c_4,0.7244,0.7893518141
